16,100,1000,0.6,0.1,725.445,950.573,-1189.27,21.717
16,100,1000,0.6,0.1,725.445,950.573,-1189.27,20.727
16,100,1000,0.6,0.1,725.445,950.573,-1189.27,20.535
16,100,1000,0.6,0.1,725.445,950.573,-1189.27,20.621
16,100,1000,0.6,0.1,725.445,950.573,-1189.27,20.441
16,100,1000,0.6,0.1,725.445,950.573,-1189.27,20.401
16,100,1000,0.6,0.1,725.445,950.573,-1189.27,20.691
16,100,1000,0.6,0.1,725.445,950.573,-1189.27,21.14
16,100,1000,0.6,0.1,725.445,950.573,-1189.27,20.533
16,100,1000,0.6,0.1,725.445,950.573,-1189.27,20.397
16,100,1000,0.6,0.1,725.445,950.573,-1189.27,20.309
16,100,1000,0.6,0.1,725.445,950.573,-1189.27,20.918
16,100,1000,0.6,0.1,725.445,950.573,-1189.27,20.386
16,100,1000,0.6,0.1,725.445,950.573,-1189.27,20.39
16,100,1000,0.6,0.1,725.445,950.573,-1189.27,20.544
16,100,1000,0.6,0.1,725.445,950.573,-1189.27,20.315
16,100,1000,0.6,0.1,725.445,950.573,-1189.27,20.441
16,100,1000,0.6,0.1,725.445,950.573,-1189.27,20.983
16,100,1000,0.6,0.1,725.445,950.573,-1189.27,20.981
16,100,1000,0.6,0.1,725.445,950.573,-1189.27,20.54
16,100,1000,0.6,0.1,725.445,950.573,-1189.27,20.267
16,100,1000,0.6,0.1,725.445,950.573,-1189.27,20.426
16,100,1000,0.6,0.1,725.445,950.573,-1189.27,20.66
16,100,1000,0.6,0.1,725.445,950.573,-1189.27,20.374
16,100,1000,0.6,0.1,725.445,950.573,-1189.27,20.357
16,100,1000,0.6,0.1,725.445,950.573,-1189.27,20.389
16,100,1000,0.6,0.1,725.445,950.573,-1189.27,20.331
16,100,1000,0.6,0.1,725.445,950.573,-1189.27,20.602
16,100,1000,0.6,0.1,930.572,954.032,-1299.34,20.551
16,100,1000,0.6,0.1,930.572,954.032,-1299.34,21.31
16,100,1000,0.6,0.1,930.572,954.032,-1299.34,20.734
16,100,1000,0.6,0.1,930.572,954.032,-1299.34,20.636
16,100,1000,0.6,0.1,930.572,954.032,-1299.34,20.685
16,100,1000,0.6,0.1,930.572,954.032,-1299.34,20.789
16,100,1000,0.6,0.1,930.572,954.032,-1299.34,20.866
16,100,1000,0.6,0.1,930.572,954.032,-1299.34,20.519
16,100,1000,0.6,0.1,930.572,954.032,-1299.34,21.233
16,100,1000,0.6,0.1,930.572,954.032,-1299.34,20.744
16,100,1000,0.6,0.1,930.572,954.032,-1299.34,21.162
16,100,1000,0.6,0.1,930.572,954.032,-1299.34,20.581
16,100,1000,0.6,0.1,930.572,954.032,-1299.34,21.303
16,100,1000,0.6,0.1,930.572,954.032,-1299.34,20.671
16,100,1000,0.6,0.1,930.572,954.032,-1299.34,20.601
16,100,1000,0.6,0.1,930.572,954.032,-1299.34,20.762
16,100,1000,0.6,0.1,930.572,954.032,-1299.34,20.587
16,100,1000,0.6,0.1,930.572,954.032,-1299.34,21.346
16,100,1000,0.6,0.1,930.572,954.032,-1299.34,20.604
16,100,1000,0.6,0.1,930.572,954.032,-1299.34,20.602
16,100,1000,0.6,0.1,930.572,954.032,-1299.34,20.651
16,100,1000,0.6,0.1,930.572,954.032,-1299.34,20.896
16,100,1100,0.6,0.1,930.572,954.032,-1299.34,22.643
16,100,1100,0.6,0.1,930.572,954.032,-1299.34,23.495
16,100,1100,0.6,0.1,930.572,954.032,-1299.34,22.696
16,100,1100,0.6,0.1,930.572,954.032,-1299.34,22.706
16,100,1100,0.6,0.1,930.572,954.032,-1299.34,22.948
16,100,1100,0.6,0.1,930.572,954.032,-1299.34,22.723
16,100,1100,0.6,0.1,930.572,954.032,-1299.34,22.566
16,100,1100,0.6,0.1,930.572,954.032,-1299.34,23.251
16,100,1100,0.6,0.1,930.572,954.032,-1299.34,22.591
16,100,1100,0.6,0.1,930.572,954.032,-1299.34,22.478
16,100,1100,0.6,0.1,930.572,954.032,-1299.34,22.652
16,100,1100,0.6,0.1,930.572,954.032,-1299.34,24.411
16,100,1100,0.6,0.1,930.572,954.032,-1299.34,24.475
16,100,1100,0.6,0.1,930.572,954.032,-1299.34,24.456
16,100,1100,0.6,0.1,930.572,954.032,-1299.34,24.58
16,100,1100,0.6,0.1,930.572,954.032,-1299.34,24.55
16,100,1100,0.6,0.1,930.572,954.032,-1299.34,24.592
16,100,1100,0.6,0.1,930.572,954.032,-1299.34,24.625
16,100,1100,0.6,0.1,930.572,954.032,-1299.34,22.998
16,100,1100,0.6,0.1,930.572,954.032,-1299.34,22.904
16,100,1100,0.6,0.1,918.306,943.035,-1327.51,23.394
16,100,1100,0.6,0.1,918.306,943.035,-1327.51,23.471
16,100,1100,0.6,0.1,918.306,943.035,-1327.51,24.239
16,100,1100,0.6,0.1,918.306,943.035,-1327.51,23.648
16,100,1100,0.6,0.1,918.306,943.035,-1327.51,22.613
16,100,1100,0.6,0.1,918.306,943.035,-1327.51,22.927
16,100,1100,0.6,0.1,918.306,943.035,-1327.51,22.729
16,100,1100,0.6,0.1,918.306,943.035,-1327.51,23.298
16,100,1100,0.6,0.1,918.306,943.035,-1327.51,22.545
16,100,1100,0.6,0.1,918.306,943.035,-1327.51,23.032
16,100,1100,0.6,0.1,918.306,943.035,-1327.51,22.441
16,100,1100,0.6,0.1,918.306,943.035,-1327.51,22.322
16,100,1100,0.6,0.1,918.306,943.035,-1327.51,22.088
16,100,1100,0.6,0.1,918.306,943.035,-1327.51,22.106
16,100,1100,0.6,0.1,918.306,943.035,-1327.51,22.138
16,100,1100,0.6,0.1,918.306,943.035,-1327.51,22.239
16,100,1100,0.6,0.1,918.306,943.035,-1327.51,22.415
16,100,1100,0.6,0.1,918.306,943.035,-1327.51,23.307
16,100,1100,0.6,0.1,918.306,943.035,-1327.51,23.916
16,100,1100,0.6,0.1,918.306,943.035,-1327.51,23.49
16,100,1100,0.6,0.1,918.306,943.035,-1327.51,23.616
16,100,1100,0.6,0.1,918.306,943.035,-1327.51,23.472
16,100,1100,0.6,0.1,918.306,943.035,-1327.51,23.658
16,100,1100,0.6,0.1,918.306,943.035,-1327.51,23.422
16,100,1100,0.6,0.1,918.306,943.035,-1327.51,24.763
16,100,1100,0.6,0.1,918.306,943.035,-1327.51,22.565
16,100,1100,0.6,0.1,918.306,943.035,-1327.51,22.935
16,100,1100,0.6,0.1,918.306,943.035,-1327.51,22.182
16,100,1100,0.6,0.1,918.306,943.035,-1327.51,22.904
16,100,1100,0.6,0.1,918.306,943.035,-1327.51,22.248
16,100,1200,0.6,0.1,918.366,943.035,-1327.55,24.22
16,100,1200,0.6,0.1,918.366,943.035,-1327.55,24.016
16,100,1200,0.6,0.1,918.366,943.035,-1327.55,23.968
16,100,1200,0.6,0.1,918.366,943.035,-1327.55,24.044
16,100,1200,0.6,0.1,918.366,943.035,-1327.55,24.959
16,100,1200,0.6,0.1,918.366,943.035,-1327.55,24.176
16,100,1200,0.6,0.1,918.366,943.035,-1327.55,24.344
16,100,1200,0.6,0.1,918.366,943.035,-1327.55,24.054
16,100,1200,0.6,0.1,918.366,943.035,-1327.55,25.357
16,100,1200,0.6,0.1,918.366,943.035,-1327.55,24.341
16,100,1200,0.6,0.1,853.168,861.068,-1204.1,24.376
16,100,1200,0.6,0.1,853.168,861.068,-1204.1,24.831
16,100,1200,0.6,0.1,853.168,861.068,-1204.1,24.4
16,100,1200,0.6,0.1,853.168,861.068,-1204.1,24.25
16,100,1200,0.6,0.1,853.168,861.068,-1204.1,24.169
16,100,1200,0.6,0.1,853.168,861.068,-1204.1,24.422
16,100,1200,0.6,0.1,853.168,861.068,-1204.1,24.329
16,100,1200,0.6,0.1,853.168,861.068,-1204.1,24.925
16,100,1200,0.6,0.1,853.168,861.068,-1204.1,24.976
16,100,1200,0.6,0.1,853.168,861.068,-1204.1,25.164
16,100,1200,0.6,0.1,853.168,861.068,-1204.1,25.29
16,100,1200,0.6,0.1,853.168,861.068,-1204.1,24.66
16,100,1200,0.6,0.1,853.168,861.068,-1204.1,24.252
16,100,1200,0.6,0.1,853.168,861.068,-1204.1,24.336
16,100,1200,0.6,0.1,853.168,861.068,-1204.1,24.372
16,100,1200,0.6,0.1,853.168,861.068,-1204.1,25.401
16,100,1200,0.6,0.1,853.168,861.068,-1204.1,26.016
16,100,1200,0.6,0.1,853.168,861.068,-1204.1,25.722
16,100,1200,0.6,0.1,853.168,861.068,-1204.1,25.325
16,100,1200,0.6,0.1,853.168,861.068,-1204.1,24.997
16,100,1200,0.6,0.1,853.168,861.068,-1204.1,24.937
16,100,1200,0.6,0.1,853.168,861.068,-1204.1,24.625
16,100,1200,0.6,0.1,853.168,861.068,-1204.1,24.896
16,100,1200,0.6,0.1,853.168,861.068,-1204.1,25.347
16,100,1200,0.6,0.1,853.168,861.068,-1204.1,25.787
16,100,1200,0.6,0.1,853.168,861.068,-1204.1,26.209
16,100,1200,0.6,0.1,853.168,861.068,-1204.1,24.7
16,100,1200,0.6,0.1,853.168,861.068,-1204.1,24.671
16,100,1200,0.6,0.1,853.168,861.068,-1204.1,25.015
16,100,1200,0.6,0.1,853.168,861.068,-1204.1,24.68
16,100,1200,0.6,0.1,853.168,861.068,-1204.1,24.75
16,100,1200,0.6,0.1,853.168,861.068,-1204.1,24.428
16,100,1200,0.6,0.1,853.168,861.068,-1204.1,24.605
16,100,1200,0.6,0.1,853.168,861.068,-1204.1,24.537
16,100,1200,0.6,0.1,853.168,861.068,-1204.1,24.96
16,100,1200,0.6,0.1,853.168,861.068,-1204.1,24.653
16,100,1200,0.6,0.1,853.168,861.068,-1204.1,24.422
16,100,1200,0.6,0.1,853.168,861.068,-1204.1,24.469
16,100,1200,0.6,0.1,752.802,942.717,-1217.09,24.457
16,100,1200,0.6,0.1,752.802,942.717,-1217.09,24.936
16,100,1300,0.6,0.1,752.923,958.201,-1231.4,28.416
16,100,1300,0.6,0.1,752.923,958.201,-1231.4,28.501
16,100,1300,0.6,0.1,752.923,958.201,-1231.4,27.915
16,100,1300,0.6,0.1,752.923,958.201,-1231.4,27.925
16,100,1300,0.6,0.1,752.923,958.201,-1231.4,27.973
16,100,1300,0.6,0.1,752.923,958.201,-1231.4,27.343
16,100,1300,0.6,0.1,752.923,958.201,-1231.4,26.672
16,100,1300,0.6,0.1,752.923,958.201,-1231.4,26.526
16,100,1300,0.6,0.1,752.923,958.201,-1231.4,26.503
16,100,1300,0.6,0.1,752.923,958.201,-1231.4,26.595
16,100,1300,0.6,0.1,752.923,958.201,-1231.4,26.45
16,100,1300,0.6,0.1,752.923,958.201,-1231.4,27.614
16,100,1300,0.6,0.1,752.923,958.201,-1231.4,26.862
16,100,1300,0.6,0.1,752.923,958.201,-1231.4,26.319
16,100,1300,0.6,0.1,752.923,958.201,-1231.4,26.426
16,100,1300,0.6,0.1,752.923,958.201,-1231.4,26.46
16,100,1300,0.6,0.1,752.923,958.201,-1231.4,26.342
16,100,1300,0.6,0.1,752.923,958.201,-1231.4,27.121
16,100,1300,0.6,0.1,752.923,958.201,-1231.4,26.455
16,100,1300,0.6,0.1,752.923,958.201,-1231.4,26.375
16,100,1300,0.6,0.1,752.923,958.201,-1231.4,26.968
16,100,1300,0.6,0.1,752.923,958.201,-1231.4,28.639
16,100,1300,0.6,0.1,752.923,958.201,-1231.4,28.425
16,100,1300,0.6,0.1,752.923,958.201,-1231.4,28.219
16,100,1300,0.6,0.1,752.923,958.201,-1231.4,28.229
16,100,1300,0.6,0.1,752.923,958.201,-1231.4,28.302
16,100,1300,0.6,0.1,752.923,958.201,-1231.4,27.728
16,100,1300,0.6,0.1,752.923,958.201,-1231.4,26.667
16,100,1300,0.6,0.1,752.923,958.201,-1231.4,27.2
16,100,1300,0.6,0.1,752.923,958.201,-1231.4,26.702
16,100,1300,0.6,0.1,752.923,958.201,-1231.4,26.672
16,100,1300,0.6,0.1,752.923,958.201,-1231.4,26.352
16,100,1300,0.6,0.1,922.717,940.572,-1330.28,25.956
16,100,1300,0.6,0.1,922.717,940.572,-1330.28,26.406
16,100,1300,0.6,0.1,922.717,940.572,-1330.28,25.853
16,100,1300,0.6,0.1,922.717,940.572,-1330.28,26.903
16,100,1300,0.6,0.1,922.717,940.572,-1330.28,26.76
16,100,1300,0.6,0.1,922.717,940.572,-1330.28,26.118
16,100,1300,0.6,0.1,922.717,940.572,-1330.28,25.886
16,100,1300,0.6,0.1,922.717,940.572,-1330.28,26.541
16,100,1300,0.6,0.1,922.717,940.572,-1330.28,27.066
16,100,1300,0.6,0.1,922.717,940.572,-1330.28,28.634
16,100,1300,0.6,0.1,922.717,940.572,-1330.28,26.961
16,100,1300,0.6,0.1,922.717,940.572,-1330.28,26.254
16,100,1300,0.6,0.1,922.717,940.572,-1330.28,27.318
16,100,1300,0.6,0.1,922.717,940.572,-1330.28,27.261
16,100,1300,0.6,0.1,922.717,940.572,-1330.28,27.996
16,100,1300,0.6,0.1,922.717,940.572,-1330.28,28.018
16,100,1300,0.6,0.1,922.717,940.572,-1330.28,27.075
16,100,1300,0.6,0.1,922.717,940.572,-1330.28,26.495
16,100,1400,0.6,0.1,907.263,909.65,-1340.09,28.517
16,100,1400,0.6,0.1,907.263,909.65,-1340.09,28.899
16,100,1400,0.6,0.1,907.263,909.65,-1340.09,28.414
16,100,1400,0.6,0.1,907.263,909.65,-1340.09,28.77
16,100,1400,0.6,0.1,907.263,909.65,-1340.09,28.158
16,100,1400,0.6,0.1,907.263,909.65,-1340.09,28.057
16,100,1400,0.6,0.1,907.263,909.65,-1340.09,27.966
16,100,1400,0.6,0.1,907.263,909.65,-1340.09,28.113
16,100,1400,0.6,0.1,907.263,909.65,-1340.09,28.763
16,100,1400,0.6,0.1,907.263,909.65,-1340.09,27.819
16,100,1400,0.6,0.1,907.263,909.65,-1340.09,29.985
16,100,1400,0.6,0.1,907.263,909.65,-1340.09,28.744
16,100,1400,0.6,0.1,907.263,909.65,-1340.09,28.083
16,100,1400,0.6,0.1,907.263,909.65,-1340.09,28.011
16,100,1400,0.6,0.1,907.263,909.65,-1340.09,28.269
16,100,1400,0.6,0.1,907.263,909.65,-1340.09,27.912
16,100,1400,0.6,0.1,907.263,909.65,-1340.09,27.808
16,100,1400,0.6,0.1,907.248,926.674,-1351.18,28.426
16,100,1400,0.6,0.1,907.248,926.674,-1351.18,28.559
16,100,1400,0.6,0.1,907.248,926.674,-1351.18,29.503
16,100,1400,0.6,0.1,907.248,926.674,-1351.18,28.754
16,100,1400,0.6,0.1,907.248,926.674,-1351.18,28.468
16,100,1400,0.6,0.1,907.248,926.674,-1351.18,28.957
16,100,1400,0.6,0.1,907.248,926.674,-1351.18,30.891
16,100,1400,0.6,0.1,907.248,926.674,-1351.18,29.474
16,100,1400,0.6,0.1,907.248,926.674,-1351.18,28.923
16,100,1400,0.6,0.1,907.248,926.674,-1351.18,29.073
16,100,1400,0.6,0.1,907.248,926.674,-1351.18,29.435
16,100,1400,0.6,0.1,907.248,926.674,-1351.18,29.158
16,100,1400,0.6,0.1,907.248,926.674,-1351.18,29.215
16,100,1400,0.6,0.1,907.248,926.674,-1351.18,29.362
16,100,1400,0.6,0.1,907.248,926.674,-1351.18,28.991
16,100,1400,0.6,0.1,907.248,926.674,-1351.18,28.563
16,100,1400,0.6,0.1,907.248,926.674,-1351.18,28.742
16,100,1400,0.6,0.1,907.248,926.674,-1351.18,28.942
16,100,1400,0.6,0.1,907.248,926.674,-1351.18,29.039
16,100,1400,0.6,0.1,907.248,926.674,-1351.18,28.716
16,100,1400,0.6,0.1,907.248,926.674,-1351.18,29.468
16,100,1400,0.6,0.1,907.248,926.674,-1351.18,28.825
16,100,1400,0.6,0.1,907.248,926.674,-1351.18,28.748
16,100,1400,0.6,0.1,907.248,926.674,-1351.18,28.78
16,100,1400,0.6,0.1,907.248,926.674,-1351.18,28.97
16,100,1400,0.6,0.1,907.248,926.674,-1351.18,29.308
16,100,1400,0.6,0.1,907.248,926.674,-1351.18,28.771
16,100,1400,0.6,0.1,907.248,926.674,-1351.18,28.833
16,100,1400,0.6,0.1,907.248,926.674,-1351.18,28.931
16,100,1400,0.6,0.1,907.248,926.674,-1351.18,28.532
16,100,1400,0.6,0.1,907.248,926.674,-1351.18,29.13
16,100,1400,0.6,0.1,907.248,926.674,-1351.18,28.754
16,100,1400,0.6,0.1,891.719,911.901,-1343.14,28.325
16,100,1500,0.6,0.1,891.719,911.901,-1343.14,30.917
16,100,1500,0.6,0.1,891.719,911.901,-1343.14,30.535
16,100,1500,0.6,0.1,891.719,911.901,-1343.14,30.597
16,100,1500,0.6,0.1,891.719,911.901,-1343.14,30.321
16,100,1500,0.6,0.1,891.719,911.901,-1343.14,30.33
16,100,1500,0.6,0.1,891.719,911.901,-1343.14,31.471
16,100,1500,0.6,0.1,891.719,911.901,-1343.14,30.849
16,100,1500,0.6,0.1,891.719,911.901,-1343.14,30.623
16,100,1500,0.6,0.1,891.719,911.901,-1343.14,31.202
16,100,1500,0.6,0.1,891.719,911.901,-1343.14,32.279
16,100,1500,0.6,0.1,891.719,911.901,-1343.14,31.161
16,100,1500,0.6,0.1,891.719,911.901,-1343.14,31.298
16,100,1500,0.6,0.1,891.719,911.901,-1343.14,31.414
16,100,1500,0.6,0.1,891.719,911.901,-1343.14,31.34
16,100,1500,0.6,0.1,891.719,911.901,-1343.14,31.328
16,100,1500,0.6,0.1,891.719,911.901,-1343.14,31.458
16,100,1500,0.6,0.1,891.719,911.901,-1343.14,31.418
16,100,1500,0.6,0.1,891.719,911.901,-1343.14,30.726
16,100,1500,0.6,0.1,891.719,911.901,-1343.14,30.152
16,100,1500,0.6,0.1,891.719,911.901,-1343.14,30.105
16,100,1500,0.6,0.1,891.719,911.901,-1343.14,30.326
16,100,1500,0.6,0.1,891.719,911.901,-1343.14,30.089
16,100,1500,0.6,0.1,891.719,911.901,-1343.14,31.012
16,100,1500,0.6,0.1,891.719,911.901,-1343.14,30.375
16,100,1500,0.6,0.1,891.719,911.901,-1343.14,30.138
16,100,1500,0.6,0.1,891.719,911.901,-1343.14,30.149
16,100,1500,0.6,0.1,891.719,911.901,-1343.14,30.26
16,100,1500,0.6,0.1,891.719,911.901,-1343.14,30.282
16,100,1500,0.6,0.1,891.719,911.901,-1343.14,30.227
16,100,1500,0.6,0.1,891.719,911.901,-1343.14,30.768
16,100,1500,0.6,0.1,905.103,917.837,-1356.1,31.271
16,100,1500,0.6,0.1,905.103,917.837,-1356.1,30.129
16,100,1500,0.6,0.1,905.103,917.837,-1356.1,30.143
16,100,1500,0.6,0.1,905.103,917.837,-1356.1,30.177
16,100,1500,0.6,0.1,905.103,917.837,-1356.1,30.238
16,100,1500,0.6,0.1,905.103,917.837,-1356.1,30.294
16,100,1500,0.6,0.1,905.103,917.837,-1356.1,31.358
16,100,1500,0.6,0.1,905.103,917.837,-1356.1,30.98
16,100,1500,0.6,0.1,905.103,917.837,-1356.1,30.542
16,100,1500,0.6,0.1,905.103,917.837,-1356.1,30.223
16,100,1500,0.6,0.1,905.103,917.837,-1356.1,30.081
16,100,1500,0.6,0.1,905.103,917.837,-1356.1,30.34
16,100,1500,0.6,0.1,905.103,917.837,-1356.1,30.892
16,100,1500,0.6,0.1,905.103,917.837,-1356.1,30.189
16,100,1500,0.6,0.1,905.103,917.837,-1356.1,30.034
16,100,1500,0.6,0.1,905.103,917.837,-1356.1,31.236
16,100,1500,0.6,0.1,905.103,917.837,-1356.1,30.121
16,100,1500,0.6,0.1,905.103,917.837,-1356.1,30.202
16,100,1500,0.6,0.1,905.103,917.837,-1356.1,31.027
16,100,1500,0.6,0.1,905.103,917.837,-1356.1,30.231
16,100,1600,0.6,0.1,905.103,917.837,-1356.1,32.288
16,100,1600,0.6,0.1,905.103,917.837,-1356.1,32.237
16,100,1600,0.6,0.1,905.103,917.837,-1356.1,33.013
16,100,1600,0.6,0.1,905.103,917.837,-1356.1,32.665
16,100,1600,0.6,0.1,905.103,917.837,-1356.1,32.125
16,100,1600,0.6,0.1,905.103,917.837,-1356.1,32.335
16,100,1600,0.6,0.1,905.103,917.837,-1356.1,32.767
16,100,1600,0.6,0.1,905.103,917.837,-1356.1,32.245
16,100,1600,0.6,0.1,905.103,917.837,-1356.1,32.422
16,100,1600,0.6,0.1,905.103,917.837,-1356.1,33.228
16,100,1600,0.6,0.1,905.103,917.837,-1356.1,32.437
16,100,1600,0.6,0.1,912.807,927.203,-1350.23,32.567
16,100,1600,0.6,0.1,912.807,927.203,-1350.23,35.775
16,100,1600,0.6,0.1,912.807,927.203,-1350.23,35.452
16,100,1600,0.6,0.1,912.807,927.203,-1350.23,33.622
16,100,1600,0.6,0.1,912.807,927.203,-1350.23,34.327
16,100,1600,0.6,0.1,912.807,927.203,-1350.23,34.592
16,100,1600,0.6,0.1,912.807,927.203,-1350.23,33.524
16,100,1600,0.6,0.1,912.807,927.203,-1350.23,33.701
16,100,1600,0.6,0.1,912.807,927.203,-1350.23,35.255
16,100,1600,0.6,0.1,912.807,927.203,-1350.23,35.269
16,100,1600,0.6,0.1,912.807,927.203,-1350.23,34.819
16,100,1600,0.6,0.1,912.807,927.203,-1350.23,35.19
16,100,1600,0.6,0.1,912.807,927.203,-1350.23,33.931
16,100,1600,0.6,0.1,912.807,927.203,-1350.23,32.754
16,100,1600,0.6,0.1,912.807,927.203,-1350.23,32.532
16,100,1600,0.6,0.1,912.807,927.203,-1350.23,32.518
16,100,1600,0.6,0.1,912.807,927.203,-1350.23,32.351
16,100,1600,0.6,0.1,912.807,927.203,-1350.23,32.723
16,100,1600,0.6,0.1,912.807,927.203,-1350.23,32.911
16,100,1600,0.6,0.1,912.807,927.203,-1350.23,33.808
16,100,1600,0.6,0.1,912.807,927.203,-1350.23,32.994
16,100,1600,0.6,0.1,912.807,927.203,-1350.23,33.433
16,100,1600,0.6,0.1,912.807,927.203,-1350.23,34.529
16,100,1600,0.6,0.1,912.807,927.203,-1350.23,33.447
16,100,1600,0.6,0.1,912.807,927.203,-1350.23,33.338
16,100,1600,0.6,0.1,912.807,927.203,-1350.23,34.189
16,100,1600,0.6,0.1,912.807,927.203,-1350.23,32.757
16,100,1600,0.6,0.1,912.807,927.203,-1350.23,32.586
16,100,1600,0.6,0.1,891.417,905.526,-1348.33,32.651
16,100,1600,0.6,0.1,891.417,905.526,-1348.33,32.648
16,100,1600,0.6,0.1,891.417,905.526,-1348.33,32.698
16,100,1600,0.6,0.1,891.417,905.526,-1348.33,32.383
16,100,1600,0.6,0.1,891.417,905.526,-1348.33,33.149
16,100,1600,0.6,0.1,891.417,905.526,-1348.33,33.238
16,100,1600,0.6,0.1,891.417,905.526,-1348.33,32.535
16,100,1600,0.6,0.1,891.417,905.526,-1348.33,32.607
16,100,1600,0.6,0.1,891.417,905.526,-1348.33,32.567
16,100,1600,0.6,0.1,891.417,905.526,-1348.33,32.486
16,100,1600,0.6,0.1,891.417,905.526,-1348.33,33.335
16,100,1700,0.6,0.1,891.417,905.496,-1348.33,35.511
16,100,1700,0.6,0.1,891.417,905.496,-1348.33,34.605
16,100,1700,0.6,0.1,891.417,905.496,-1348.33,34.996
16,100,1700,0.6,0.1,891.417,905.496,-1348.33,34.269
16,100,1700,0.6,0.1,891.417,905.496,-1348.33,37.373
16,100,1700,0.6,0.1,891.417,905.496,-1348.33,36.301
16,100,1700,0.6,0.1,891.417,905.496,-1348.33,37.149
16,100,1700,0.6,0.1,891.417,905.496,-1348.33,36.36
16,100,1700,0.6,0.1,891.417,905.496,-1348.33,35.425
16,100,1700,0.6,0.1,891.417,905.496,-1348.33,37.358
16,100,1700,0.6,0.1,891.417,905.496,-1348.33,36.739
16,100,1700,0.6,0.1,891.417,905.496,-1348.33,36.829
16,100,1700,0.6,0.1,891.417,905.496,-1348.33,37.03
16,100,1700,0.6,0.1,891.417,905.496,-1348.33,37.23
16,100,1700,0.6,0.1,891.417,905.496,-1348.33,34.717
16,100,1700,0.6,0.1,891.417,905.496,-1348.33,35.707
16,100,1700,0.6,0.1,901.734,925.149,-1344.65,34.832
16,100,1700,0.6,0.1,901.734,925.149,-1344.65,34.239
16,100,1700,0.6,0.1,901.734,925.149,-1344.65,34.573
16,100,1700,0.6,0.1,901.734,925.149,-1344.65,35.145
16,100,1700,0.6,0.1,901.734,925.149,-1344.65,34.254
16,100,1700,0.6,0.1,901.734,925.149,-1344.65,35.053
16,100,1700,0.6,0.1,901.734,925.149,-1344.65,34.139
16,100,1700,0.6,0.1,901.734,925.149,-1344.65,34.554
16,100,1700,0.6,0.1,901.734,925.149,-1344.65,35
16,100,1700,0.6,0.1,901.734,925.149,-1344.65,36.94
16,100,1700,0.6,0.1,901.734,925.149,-1344.65,35.421
16,100,1700,0.6,0.1,901.734,925.149,-1344.65,34.185
16,100,1700,0.6,0.1,901.734,925.149,-1344.65,34.48
16,100,1700,0.6,0.1,901.734,925.149,-1344.65,35.723
16,100,1700,0.6,0.1,901.734,925.149,-1344.65,35.862
16,100,1700,0.6,0.1,901.734,925.149,-1344.65,36.282
16,100,1700,0.6,0.1,901.734,925.149,-1344.65,36.488
16,100,1700,0.6,0.1,901.734,925.149,-1344.65,35.483
16,100,1700,0.6,0.1,901.734,925.149,-1344.65,35.117
16,100,1700,0.6,0.1,901.734,925.149,-1344.65,35.108
16,100,1700,0.6,0.1,901.734,925.149,-1344.65,36.488
16,100,1700,0.6,0.1,901.734,925.149,-1344.65,36.761
16,100,1700,0.6,0.1,901.734,925.149,-1344.65,36.802
16,100,1700,0.6,0.1,901.734,925.149,-1344.65,36.902
16,100,1700,0.6,0.1,901.734,925.149,-1344.65,35.924
16,100,1700,0.6,0.1,901.734,925.149,-1344.65,35.847
16,100,1700,0.6,0.1,901.734,925.149,-1344.65,34.882
16,100,1700,0.6,0.1,911.568,921.327,-1349.93,35.826
16,100,1700,0.6,0.1,911.568,921.327,-1349.93,36.84
16,100,1700,0.6,0.1,911.568,921.327,-1349.93,36.167
16,100,1700,0.6,0.1,911.568,921.327,-1349.93,35.795
16,100,1700,0.6,0.1,911.568,921.327,-1349.93,35.713
16,100,1700,0.6,0.1,911.568,921.327,-1349.93,36.629
16,100,1700,0.6,0.1,911.568,921.327,-1349.93,36.779
16,100,1800,0.6,0.1,911.568,921.327,-1349.93,39.842
16,100,1800,0.6,0.1,911.568,921.327,-1349.93,40.02
16,100,1800,0.6,0.1,911.568,921.327,-1349.93,38.51
16,100,1800,0.6,0.1,911.568,921.327,-1349.93,36.532
16,100,1800,0.6,0.1,911.568,921.327,-1349.93,38.489
16,100,1800,0.6,0.1,911.568,921.327,-1349.93,37.81
16,100,1800,0.6,0.1,911.568,921.327,-1349.93,37.218
16,100,1800,0.6,0.1,911.568,921.327,-1349.93,36.781
16,100,1800,0.6,0.1,911.568,921.327,-1349.93,37.323
16,100,1800,0.6,0.1,911.568,921.327,-1349.93,38.479
16,100,1800,0.6,0.1,911.568,921.327,-1349.93,38.846
16,100,1800,0.6,0.1,911.568,921.327,-1349.93,37.444
16,100,1800,0.6,0.1,911.568,921.327,-1349.93,36.802
16,100,1800,0.6,0.1,911.568,921.327,-1349.93,37.233
16,100,1800,0.6,0.1,911.568,921.327,-1349.93,38.033
16,100,1800,0.6,0.1,911.568,921.327,-1349.93,37.933
16,100,1800,0.6,0.1,911.568,921.327,-1349.93,37.611
16,100,1800,0.6,0.1,911.568,921.327,-1349.93,37.458
16,100,1800,0.6,0.1,894.181,903.26,-1349.6,36.422
16,100,1800,0.6,0.1,894.181,903.26,-1349.6,37.756
16,100,1800,0.6,0.1,894.181,903.26,-1349.6,36.536
16,100,1800,0.6,0.1,894.181,903.26,-1349.6,36.395
16,100,1800,0.6,0.1,894.181,903.26,-1349.6,37.453
16,100,1800,0.6,0.1,894.181,903.26,-1349.6,38.322
16,100,1800,0.6,0.1,894.181,903.26,-1349.6,36.772
16,100,1800,0.6,0.1,894.181,903.26,-1349.6,37.695
16,100,1800,0.6,0.1,894.181,903.26,-1349.6,36.472
16,100,1800,0.6,0.1,894.181,903.26,-1349.6,36.48
16,100,1800,0.6,0.1,894.181,903.26,-1349.6,38.18
16,100,1800,0.6,0.1,894.181,903.26,-1349.6,38.637
16,100,1800,0.6,0.1,894.181,903.26,-1349.6,39.455
16,100,1800,0.6,0.1,894.181,903.26,-1349.6,39.434
16,100,1800,0.6,0.1,894.181,903.26,-1349.6,38.241
16,100,1800,0.6,0.1,894.181,903.26,-1349.6,37.695
16,100,1800,0.6,0.1,894.181,903.26,-1349.6,37.695
16,100,1800,0.6,0.1,894.181,903.26,-1349.6,38.077
16,100,1800,0.6,0.1,894.181,903.26,-1349.6,39.275
16,100,1800,0.6,0.1,894.181,903.26,-1349.6,39.101
16,100,1800,0.6,0.1,894.181,903.26,-1349.6,39.869
16,100,1800,0.6,0.1,894.181,903.26,-1349.6,38.815
16,100,1800,0.6,0.1,894.181,903.26,-1349.6,38.704
16,100,1800,0.6,0.1,894.181,903.26,-1349.6,38.969
16,100,1800,0.6,0.1,894.181,903.26,-1349.6,38.803
16,100,1800,0.6,0.1,890.631,902.051,-1346.79,38.822
16,100,1800,0.6,0.1,890.631,902.051,-1346.79,37.657
16,100,1800,0.6,0.1,890.631,902.051,-1346.79,37.793
16,100,1800,0.6,0.1,890.631,902.051,-1346.79,38.132
16,100,1800,0.6,0.1,890.631,902.051,-1346.79,38.694
16,100,1800,0.6,0.1,890.631,902.051,-1346.79,39.207
16,100,1800,0.6,0.1,890.631,902.051,-1346.79,39.046
16,100,1900,0.6,0.1,890.631,902.051,-1346.79,40.356
16,100,1900,0.6,0.1,890.631,902.051,-1346.79,41.363
16,100,1900,0.6,0.1,890.631,902.051,-1346.79,41.339
16,100,1900,0.6,0.1,890.631,902.051,-1346.79,41.314
16,100,1900,0.6,0.1,890.631,902.051,-1346.79,41.523
16,100,1900,0.6,0.1,890.631,902.051,-1346.79,41.709
16,100,1900,0.6,0.1,890.631,902.051,-1346.79,40.534
16,100,1900,0.6,0.1,890.631,902.051,-1346.79,40.176
16,100,1900,0.6,0.1,890.631,902.051,-1346.79,40.577
16,100,1900,0.6,0.1,890.631,902.051,-1346.79,40.558
16,100,1900,0.6,0.1,890.631,902.051,-1346.79,41.646
16,100,1900,0.6,0.1,890.631,902.051,-1346.79,41.634
16,100,1900,0.6,0.1,890.631,902.051,-1346.79,41.272
16,100,1900,0.6,0.1,890.631,902.051,-1346.79,40.379
16,100,1900,0.6,0.1,890.631,902.051,-1346.79,41.035
16,100,1900,0.6,0.1,890.631,902.051,-1346.79,41.058
16,100,1900,0.6,0.1,890.631,902.051,-1346.79,41.361
16,100,1900,0.6,0.1,899.423,913.94,-1355.67,40.778
16,100,1900,0.6,0.1,899.423,913.94,-1355.67,41.842
16,100,1900,0.6,0.1,899.423,913.94,-1355.67,41.115
16,100,1900,0.6,0.1,899.423,913.94,-1355.67,40.656
16,100,1900,0.6,0.1,899.423,913.94,-1355.67,40.855
16,100,1900,0.6,0.1,899.423,913.94,-1355.67,41.95
16,100,1900,0.6,0.1,899.423,913.94,-1355.67,40.692
16,100,1900,0.6,0.1,899.423,913.94,-1355.67,40.955
16,100,1900,0.6,0.1,899.423,913.94,-1355.67,41.283
16,100,1900,0.6,0.1,899.423,913.94,-1355.67,41.16
16,100,1900,0.6,0.1,899.423,913.94,-1355.67,41.418
16,100,1900,0.6,0.1,899.423,913.94,-1355.67,41.156
16,100,1900,0.6,0.1,899.423,913.94,-1355.67,41.715
16,100,1900,0.6,0.1,899.423,913.94,-1355.67,41.071
16,100,1900,0.6,0.1,899.423,913.94,-1355.67,41.124
16,100,1900,0.6,0.1,899.423,913.94,-1355.67,41.376
16,100,1900,0.6,0.1,899.423,913.94,-1355.67,41.087
16,100,1900,0.6,0.1,899.423,913.94,-1355.67,41.027
16,100,1900,0.6,0.1,899.423,913.94,-1355.67,40.676
16,100,1900,0.6,0.1,899.423,913.94,-1355.67,40.201
16,100,1900,0.6,0.1,899.423,913.94,-1355.67,40.338
16,100,1900,0.6,0.1,899.423,913.94,-1355.67,41.652
16,100,1900,0.6,0.1,899.423,913.94,-1355.67,40.729
16,100,1900,0.6,0.1,887.142,910.224,-1329.44,41.582
16,100,1900,0.6,0.1,887.142,910.224,-1329.44,40.193
16,100,1900,0.6,0.1,887.142,910.224,-1329.44,40.957
16,100,1900,0.6,0.1,887.142,910.224,-1329.44,40.925
16,100,1900,0.6,0.1,887.142,910.224,-1329.44,41.27
16,100,1900,0.6,0.1,887.142,910.224,-1329.44,41.319
16,100,1900,0.6,0.1,887.142,910.224,-1329.44,40.956
16,100,1900,0.6,0.1,887.142,910.224,-1329.44,39.858
16,100,1900,0.6,0.1,887.142,910.224,-1329.44,39.967
16,100,1900,0.6,0.1,887.142,910.224,-1329.44,40.377
16,100,2000,0.6,0.1,887.142,910.224,-1329.44,42.683
16,100,2000,0.6,0.1,887.142,910.224,-1329.44,42.54
16,100,2000,0.6,0.1,887.142,910.224,-1329.44,42.587
16,100,2000,0.6,0.1,887.142,910.224,-1329.44,41.921
16,100,2000,0.6,0.1,887.142,910.224,-1329.44,42.652
16,100,2000,0.6,0.1,887.142,910.224,-1329.44,41.36
16,100,2000,0.6,0.1,887.142,910.224,-1329.44,42.866
16,100,2000,0.6,0.1,887.142,910.224,-1329.44,43.674
16,100,2000,0.6,0.1,887.142,910.224,-1329.44,44.217
16,100,2000,0.6,0.1,887.142,910.224,-1329.44,43.949
16,100,2000,0.6,0.1,887.142,910.224,-1329.44,44.133
16,100,2000,0.6,0.1,887.142,910.224,-1329.44,43.442
16,100,2000,0.6,0.1,887.142,910.224,-1329.44,43.522
16,100,2000,0.6,0.1,910.405,927.007,-1351.85,43.985
16,100,2000,0.6,0.1,910.405,927.007,-1351.85,43.488
16,100,2000,0.6,0.1,910.405,927.007,-1351.85,41.817
16,100,2000,0.6,0.1,910.405,927.007,-1351.85,40.93
16,100,2000,0.6,0.1,910.405,927.007,-1351.85,43.434
16,100,2000,0.6,0.1,910.405,927.007,-1351.85,42.971
16,100,2000,0.6,0.1,910.405,927.007,-1351.85,41.391
16,100,2000,0.6,0.1,910.405,927.007,-1351.85,40.719
16,100,2000,0.6,0.1,910.405,927.007,-1351.85,43.051
16,100,2000,0.6,0.1,910.405,927.007,-1351.85,41.104
16,100,2000,0.6,0.1,910.405,927.007,-1351.85,42.882
16,100,2000,0.6,0.1,910.405,927.007,-1351.85,43.844
16,100,2000,0.6,0.1,910.405,927.007,-1351.85,43.58
16,100,2000,0.6,0.1,910.405,927.007,-1351.85,44.238
16,100,2000,0.6,0.1,910.405,927.007,-1351.85,43.917
16,100,2000,0.6,0.1,910.405,927.007,-1351.85,43.505
16,100,2000,0.6,0.1,910.405,927.007,-1351.85,44.085
16,100,2000,0.6,0.1,910.405,927.007,-1351.85,44.185
16,100,2000,0.6,0.1,910.405,927.007,-1351.85,43.647
16,100,2000,0.6,0.1,910.405,927.007,-1351.85,41.296
16,100,2000,0.6,0.1,910.405,927.007,-1351.85,41.09
16,100,2000,0.6,0.1,910.405,927.007,-1351.85,42.245
16,100,2000,0.6,0.1,910.405,927.007,-1351.85,41.297
16,100,2000,0.6,0.1,903.335,916.342,-1356.46,41.685
16,100,2000,0.6,0.1,903.335,916.342,-1356.46,43.048
16,100,2000,0.6,0.1,903.335,916.342,-1356.46,41.543
16,100,2000,0.6,0.1,903.335,916.342,-1356.46,41.657
16,100,2000,0.6,0.1,903.335,916.342,-1356.46,42.452
16,100,2000,0.6,0.1,903.335,916.342,-1356.46,42.827
16,100,2000,0.6,0.1,903.335,916.342,-1356.46,43.591
16,100,2000,0.6,0.1,903.335,916.342,-1356.46,43.357
16,100,2000,0.6,0.1,903.335,916.342,-1356.46,42.885
16,100,2000,0.6,0.1,903.335,916.342,-1356.46,42.862
16,100,2000,0.6,0.1,903.335,916.342,-1356.46,43.197
16,100,2000,0.6,0.1,903.335,916.342,-1356.46,43.977
16,100,2000,0.6,0.1,903.335,916.342,-1356.46,43.324
16,100,2000,0.6,0.1,903.335,916.342,-1356.46,40.706
16,100,2000,0.6,0.1,903.335,916.342,-1356.46,41.078
16,100,2000,0.6,0.1,903.335,916.342,-1356.46,44.904
16,100,2000,0.6,0.1,903.335,916.342,-1356.46,41.314
16,100,2000,0.6,0.1,903.335,916.342,-1356.46,41.954
16,100,2000,0.6,0.1,903.335,916.342,-1356.46,44.248
16,100,2000,0.6,0.1,903.335,916.342,-1356.46,41.042
16,100,2000,0.6,0.1,903.335,916.342,-1356.46,40.711
16,100,2000,0.6,0.1,903.335,916.342,-1356.46,42.019
16,100,2000,0.6,0.1,938.261,951.705,-1281.67,41.86
16,100,2000,0.6,0.1,938.261,951.705,-1281.67,40.571
16,100,2000,0.6,0.1,938.261,951.705,-1281.67,41.449
16,100,2000,0.6,0.1,938.261,951.705,-1281.67,43.113
16,100,2000,0.6,0.1,938.261,951.705,-1281.67,43.749
16,100,2000,0.6,0.1,938.261,951.705,-1281.67,44.576
16,100,2000,0.6,0.1,938.261,951.705,-1281.67,44.028
16,100,2000,0.6,0.1,938.261,951.705,-1281.67,41.672
16,100,2000,0.6,0.1,938.261,951.705,-1281.67,40.941
16,100,2000,0.6,0.1,938.261,951.705,-1281.67,41.389
16,100,2000,0.6,0.1,938.261,951.705,-1281.67,40.531
16,100,2000,0.6,0.1,938.261,951.705,-1281.67,41.489
16,100,2000,0.6,0.1,938.261,951.705,-1281.67,42.247
16,100,2000,0.6,0.1,938.261,951.705,-1281.67,44.054
16,100,2000,0.6,0.1,938.261,951.705,-1281.67,43.499
16,100,2000,0.6,0.1,938.261,951.705,-1281.67,43.15
16,100,2000,0.6,0.1,938.261,951.705,-1281.67,43.538
16,100,2000,0.6,0.1,938.261,951.705,-1281.67,43.847
16,100,2000,0.6,0.1,938.261,951.705,-1281.67,41.703
16,100,2000,0.6,0.1,938.261,951.705,-1281.67,40.802
16,100,2000,0.6,0.1,938.261,951.705,-1281.67,40.634
16,100,2000,0.6,0.1,938.261,951.705,-1281.67,40.52
16,100,2000,0.6,0.1,938.261,951.705,-1281.67,41.042
16,100,2000,0.6,0.1,747.379,954.304,-1243.85,40.999
16,100,2000,0.6,0.1,747.379,954.304,-1243.85,42.024
16,100,2000,0.6,0.1,747.379,954.304,-1243.85,43.33
16,100,2000,0.6,0.1,747.379,954.304,-1243.85,43.258
16,100,2000,0.6,0.1,747.379,954.304,-1243.85,43.456
16,100,2000,0.6,0.1,747.379,954.304,-1243.85,43.717
16,100,2000,0.6,0.1,747.379,954.304,-1243.85,43.68
16,100,2000,0.6,0.1,747.379,954.304,-1243.85,42.758
16,100,2000,0.6,0.1,747.379,954.304,-1243.85,40.948
16,100,2000,0.6,0.1,747.379,954.304,-1243.85,40.589
16,100,2000,0.6,0.1,747.379,954.304,-1243.85,41.445
16,100,2000,0.6,0.1,747.379,954.304,-1243.85,40.371
16,100,2000,0.6,0.1,747.379,954.304,-1243.85,41.005
16,100,2000,0.6,0.1,747.379,954.304,-1243.85,41.326
16,100,2000,0.6,0.1,747.379,954.304,-1243.85,41.284
16,100,2000,0.6,0.1,747.379,954.304,-1243.85,40.329
16,100,2000,0.6,0.1,747.379,954.304,-1243.85,41.185
16,100,2000,0.6,0.1,747.379,954.304,-1243.85,40.444
16,100,2000,0.6,0.1,747.379,954.304,-1243.85,40.566
16,100,3000,0.6,0.1,922.717,938.246,-1331.87,64.653
16,100,3000,0.6,0.1,922.717,938.246,-1331.87,64.724
16,100,3000,0.6,0.1,922.717,938.246,-1331.87,65.175
16,100,3000,0.6,0.1,904.453,919.605,-1356.03,64.229
16,100,3000,0.6,0.1,904.453,919.605,-1356.03,61.325
16,100,3000,0.6,0.1,904.453,919.605,-1356.03,62.427
16,100,3000,0.6,0.1,904.453,919.605,-1356.03,60.799
16,100,3000,0.6,0.1,904.453,919.605,-1356.03,60.788
16,100,3000,0.6,0.1,904.453,919.605,-1356.03,63.606
16,100,3000,0.6,0.1,904.453,919.605,-1356.03,65.37
16,100,3000,0.6,0.1,904.453,919.605,-1356.03,66.32
16,100,3000,0.6,0.1,904.453,919.605,-1356.03,64.233
16,100,3000,0.6,0.1,904.453,919.605,-1356.03,61.195
16,100,3000,0.6,0.1,904.453,919.605,-1356.03,60.21
16,100,3000,0.6,0.1,904.453,919.605,-1356.03,61.545
16,100,3000,0.6,0.1,904.453,919.605,-1356.03,61.092
16,100,3000,0.6,0.1,904.453,919.605,-1356.03,60.848
16,100,3000,0.6,0.1,904.453,919.605,-1356.03,60.061
16,100,3000,0.6,0.1,904.635,903.864,-1331.39,63.43
16,100,3000,0.6,0.1,904.635,903.864,-1331.39,64.79
16,100,3000,0.6,0.1,904.635,903.864,-1331.39,64.683
16,100,3000,0.6,0.1,904.635,903.864,-1331.39,66.995
16,100,3000,0.6,0.1,904.635,903.864,-1331.39,61.336
16,100,3000,0.6,0.1,904.635,903.864,-1331.39,61.898
16,100,3000,0.6,0.1,904.635,903.864,-1331.39,62.543
16,100,3000,0.6,0.1,904.635,903.864,-1331.39,60.295
16,100,3000,0.6,0.1,904.635,903.864,-1331.39,60.519
16,100,3000,0.6,0.1,904.635,903.864,-1331.39,60.833
16,100,3000,0.6,0.1,904.635,903.864,-1331.39,60.559
16,100,3000,0.6,0.1,904.635,903.864,-1331.39,60.368
16,100,3000,0.6,0.1,904.635,903.864,-1331.39,60.948
16,100,3000,0.6,0.1,904.635,903.864,-1331.39,64.674
16,100,3000,0.6,0.1,904.635,903.864,-1331.39,65.441
16,100,3000,0.6,0.1,904.635,903.864,-1331.39,64.662
16,100,3000,0.6,0.1,897.791,907.097,-1352.87,63.654
16,100,3000,0.6,0.1,897.791,907.097,-1352.87,61.598
16,100,3000,0.6,0.1,897.791,907.097,-1352.87,61.483
16,100,3000,0.6,0.1,897.791,907.097,-1352.87,60.594
16,100,3000,0.6,0.1,897.791,907.097,-1352.87,60.385
16,100,3000,0.6,0.1,897.791,907.097,-1352.87,61.986
16,100,3000,0.6,0.1,897.791,907.097,-1352.87,60.619
16,100,3000,0.6,0.1,897.791,907.097,-1352.87,60.534
16,100,3000,0.6,0.1,897.791,907.097,-1352.87,61.138
16,100,3000,0.6,0.1,897.791,907.097,-1352.87,63.313
16,100,3000,0.6,0.1,897.791,907.097,-1352.87,60.478
16,100,3000,0.6,0.1,897.791,907.097,-1352.87,60.593
16,100,3000,0.6,0.1,897.791,907.097,-1352.87,61.246
16,100,3000,0.6,0.1,897.791,907.097,-1352.87,60.813
16,100,3000,0.6,0.1,897.791,907.097,-1352.87,60.524
16,100,3000,0.6,0.1,897.791,907.097,-1352.87,60.376
16,100,4000,0.6,0.1,906.296,919.212,-1355.7,81.668
16,100,4000,0.6,0.1,906.296,919.212,-1355.7,80.574
16,100,4000,0.6,0.1,906.296,919.212,-1355.7,81.63
16,100,4000,0.6,0.1,906.296,919.212,-1355.7,81.152
16,100,4000,0.6,0.1,906.296,919.212,-1355.7,80.9
16,100,4000,0.6,0.1,906.296,919.212,-1355.7,80.64
16,100,4000,0.6,0.1,906.296,919.212,-1355.7,81.519
16,100,4000,0.6,0.1,906.296,919.212,-1355.7,79.882
16,100,4000,0.6,0.1,906.296,919.212,-1355.7,81.359
16,100,4000,0.6,0.1,906.296,919.212,-1355.7,86.448
16,100,4000,0.6,0.1,906.296,919.212,-1355.7,86.863
16,100,4000,0.6,0.1,906.296,919.212,-1355.7,85.53
16,100,4000,0.6,0.1,903.622,916.735,-1356.45,86.699
16,100,4000,0.6,0.1,903.622,916.735,-1356.45,83.553
16,100,4000,0.6,0.1,903.622,916.735,-1356.45,85.802
16,100,4000,0.6,0.1,903.622,916.735,-1356.45,87.735
16,100,4000,0.6,0.1,903.622,916.735,-1356.45,88.142
16,100,4000,0.6,0.1,903.622,916.735,-1356.45,82.647
16,100,4000,0.6,0.1,903.622,916.735,-1356.45,83.521
16,100,4000,0.6,0.1,903.622,916.735,-1356.45,80.911
16,100,4000,0.6,0.1,903.622,916.735,-1356.45,82.366
16,100,4000,0.6,0.1,903.622,916.735,-1356.45,87.122
16,100,4000,0.6,0.1,903.622,916.735,-1356.45,83.967
16,100,4000,0.6,0.1,906.175,922.792,-1354.68,84.712
16,100,4000,0.6,0.1,906.175,922.792,-1354.68,82.785
16,100,4000,0.6,0.1,906.175,922.792,-1354.68,82.189
16,100,4000,0.6,0.1,906.175,922.792,-1354.68,86.404
16,100,4000,0.6,0.1,906.175,922.792,-1354.68,86.41
16,100,4000,0.6,0.1,906.175,922.792,-1354.68,86.585
16,100,4000,0.6,0.1,906.175,922.792,-1354.68,81.747
16,100,4000,0.6,0.1,906.175,922.792,-1354.68,80.467
16,100,4000,0.6,0.1,906.175,922.792,-1354.68,81.741
16,100,4000,0.6,0.1,906.175,922.792,-1354.68,80.173
16,100,4000,0.6,0.1,906.175,922.792,-1354.68,81.195
16,100,4000,0.6,0.1,906.175,922.792,-1354.68,81.353
16,100,4000,0.6,0.1,890.918,903.728,-1347.64,81.194
16,100,4000,0.6,0.1,890.918,903.728,-1347.64,80.685
16,100,4000,0.6,0.1,890.918,903.728,-1347.64,81.451
16,100,4000,0.6,0.1,890.918,903.728,-1347.64,80.396
16,100,4000,0.6,0.1,890.918,903.728,-1347.64,81.066
16,100,4000,0.6,0.1,890.918,903.728,-1347.64,84.432
16,100,4000,0.6,0.1,890.918,903.728,-1347.64,80.681
16,100,4000,0.6,0.1,890.918,903.728,-1347.64,81.487
16,100,4000,0.6,0.1,890.918,903.728,-1347.64,81.575
16,100,4000,0.6,0.1,890.918,903.728,-1347.64,81.714
16,100,4000,0.6,0.1,890.918,903.728,-1347.64,81.742
16,100,4000,0.6,0.1,890.918,903.728,-1347.64,92.08
16,100,4000,0.6,0.1,903.079,916.75,-1356.51,80.27
16,100,4000,0.6,0.1,903.079,916.75,-1356.51,81.444
16,100,4000,0.6,0.1,903.079,916.75,-1356.51,82.751
16,100,5000,0.6,0.1,903.079,916.75,-1356.51,100.518
16,100,5000,0.6,0.1,903.079,916.75,-1356.51,102.175
16,100,5000,0.6,0.1,903.079,916.75,-1356.51,100.857
16,100,5000,0.6,0.1,903.079,916.75,-1356.51,101.225
16,100,5000,0.6,0.1,903.079,916.75,-1356.51,100.503
16,100,5000,0.6,0.1,903.079,916.75,-1356.51,104.094
16,100,5000,0.6,0.1,903.079,916.75,-1356.51,100.829
16,100,5000,0.6,0.1,901.825,914.756,-1356.42,100.789
16,100,5000,0.6,0.1,901.825,914.756,-1356.42,101.559
16,100,5000,0.6,0.1,901.825,914.756,-1356.42,100.93
16,100,5000,0.6,0.1,901.825,914.756,-1356.42,101.965
16,100,5000,0.6,0.1,901.825,914.756,-1356.42,102.038
16,100,5000,0.6,0.1,901.825,914.756,-1356.42,100.562
16,100,5000,0.6,0.1,901.825,914.756,-1356.42,100.705
16,100,5000,0.6,0.1,901.825,914.756,-1356.42,103.076
16,100,5000,0.6,0.1,901.825,914.756,-1356.42,101.131
16,100,5000,0.6,0.1,901.825,914.756,-1356.42,101.231
16,100,5000,0.6,0.1,904.423,918.789,-1356.26,101.433
16,100,5000,0.6,0.1,904.423,918.789,-1356.26,102.896
16,100,5000,0.6,0.1,904.423,918.789,-1356.26,102.122
16,100,5000,0.6,0.1,904.423,918.789,-1356.26,101.628
16,100,5000,0.6,0.1,904.423,918.789,-1356.26,100.84
16,100,5000,0.6,0.1,904.423,918.789,-1356.26,101.961
16,100,5000,0.6,0.1,904.423,918.789,-1356.26,103.743
16,100,5000,0.6,0.1,904.423,918.789,-1356.26,101.714
16,100,5000,0.6,0.1,904.423,918.789,-1356.26,100.973
16,100,5000,0.6,0.1,904.423,918.789,-1356.26,101.471
16,100,5000,0.6,0.1,886.311,891.477,-1331.37,102.001
16,100,5000,0.6,0.1,886.311,891.477,-1331.37,101.873
16,100,5000,0.6,0.1,886.311,891.477,-1331.37,101.99
16,100,5000,0.6,0.1,886.311,891.477,-1331.37,107.089
16,100,5000,0.6,0.1,886.311,891.477,-1331.37,106.733
16,100,5000,0.6,0.1,886.311,891.477,-1331.37,107.547
16,100,5000,0.6,0.1,886.311,891.477,-1331.37,107.566
16,100,5000,0.6,0.1,886.311,891.477,-1331.37,101.666
16,100,5000,0.6,0.1,886.311,891.477,-1331.37,102.153
16,100,5000,0.6,0.1,903.366,916.946,-1356.49,104.28
16,100,5000,0.6,0.1,903.366,916.946,-1356.49,107.862
16,100,5000,0.6,0.1,903.366,916.946,-1356.49,107.838
16,100,5000,0.6,0.1,903.366,916.946,-1356.49,102.195
16,100,5000,0.6,0.1,903.366,916.946,-1356.49,101.448
16,100,5000,0.6,0.1,903.366,916.946,-1356.49,100.882
16,100,5000,0.6,0.1,903.366,916.946,-1356.49,101.502
16,100,5000,0.6,0.1,903.366,916.946,-1356.49,100.909
16,100,5000,0.6,0.1,903.366,916.946,-1356.49,101.619
16,100,5000,0.6,0.1,903.366,916.946,-1356.49,101.002
16,100,5000,0.6,0.1,902.459,915.345,-1356.46,107.393
16,100,5000,0.6,0.1,902.459,915.345,-1356.46,108.429
16,100,5000,0.6,0.1,902.459,915.345,-1356.46,102.938
16,100,5000,0.6,0.1,902.459,915.345,-1356.46,103.713
16,100,6000,0.6,0.1,902.459,916.312,-1356.49,124.069
16,100,6000,0.6,0.1,902.459,916.312,-1356.49,122.416
16,100,6000,0.6,0.1,902.459,916.312,-1356.49,120.421
16,100,6000,0.6,0.1,902.459,916.312,-1356.49,121.485
16,100,6000,0.6,0.1,902.474,916.07,-1356.51,121.077
16,100,6000,0.6,0.1,902.474,916.07,-1356.51,122.973
16,100,6000,0.6,0.1,902.474,916.07,-1356.51,120.883
16,100,6000,0.6,0.1,902.474,916.07,-1356.51,121.799
16,100,6000,0.6,0.1,902.474,916.07,-1356.51,120.66
16,100,6000,0.6,0.1,902.474,916.07,-1356.51,120.861
16,100,6000,0.6,0.1,902.474,916.07,-1356.51,121.579
16,100,6000,0.6,0.1,902.474,916.07,-1356.51,122.066
16,100,6000,0.6,0.1,902.474,916.07,-1356.51,121.171
16,100,6000,0.6,0.1,902.338,916.025,-1356.5,121.984
16,100,6000,0.6,0.1,902.338,916.025,-1356.5,122.028
16,100,6000,0.6,0.1,902.338,916.025,-1356.5,125.394
16,100,6000,0.6,0.1,902.338,916.025,-1356.5,127.883
16,100,6000,0.6,0.1,902.338,916.025,-1356.5,129.19
16,100,6000,0.6,0.1,902.338,916.025,-1356.5,127.294
16,100,6000,0.6,0.1,902.338,916.025,-1356.5,121.322
16,100,6000,0.6,0.1,903.834,917.142,-1356.44,121.331
16,100,6000,0.6,0.1,903.834,917.142,-1356.44,121.821
16,100,6000,0.6,0.1,903.834,917.142,-1356.44,122.282
16,100,6000,0.6,0.1,903.834,917.142,-1356.44,126.969
16,100,6000,0.6,0.1,903.834,917.142,-1356.44,128.538
16,100,6000,0.6,0.1,903.834,917.142,-1356.44,125.895
16,100,6000,0.6,0.1,903.834,917.142,-1356.44,122.072
16,100,6000,0.6,0.1,903.834,917.142,-1356.44,124.678
16,100,6000,0.6,0.1,907.339,923.442,-1354.46,123.75
16,100,6000,0.6,0.1,907.339,923.442,-1354.46,124.757
16,100,6000,0.6,0.1,907.339,923.442,-1354.46,124.28
16,100,6000,0.6,0.1,907.339,923.442,-1354.46,125.033
16,100,6000,0.6,0.1,907.339,923.442,-1354.46,124.427
16,100,6000,0.6,0.1,907.339,923.442,-1354.46,124.506
16,100,6000,0.6,0.1,907.339,923.442,-1354.46,124.222
16,100,6000,0.6,0.1,907.339,923.442,-1354.46,125.427
16,100,6000,0.6,0.1,907.792,923.699,-1354.31,123.759
16,100,6000,0.6,0.1,907.792,923.699,-1354.31,124.277
16,100,6000,0.6,0.1,907.792,923.699,-1354.31,124.291
16,100,6000,0.6,0.1,907.792,923.699,-1354.31,126.365
16,100,6000,0.6,0.1,907.792,923.699,-1354.31,123.919
16,100,6000,0.6,0.1,907.792,923.699,-1354.31,124.042
16,100,6000,0.6,0.1,907.792,923.699,-1354.31,123.231
16,100,6000,0.6,0.1,907.792,923.699,-1354.31,127.212
16,100,6000,0.6,0.1,903.804,917.822,-1356.42,123.907
16,100,6000,0.6,0.1,903.804,917.822,-1356.42,125.347
16,100,6000,0.6,0.1,903.804,917.822,-1356.42,123.654
16,100,6000,0.6,0.1,903.804,917.822,-1356.42,124.105
16,100,6000,0.6,0.1,903.804,917.822,-1356.42,123.939
16,100,6000,0.6,0.1,903.804,917.822,-1356.42,124.181
16,100,7000,0.6,0.1,903.804,917.822,-1356.42,144.408
16,100,7000,0.6,0.1,903.804,917.822,-1356.42,144.344
16,100,7000,0.6,0.1,902.988,914.756,-1356.14,145.784
16,100,7000,0.6,0.1,902.988,914.756,-1356.14,145.341
16,100,7000,0.6,0.1,902.988,914.756,-1356.14,146.096
16,100,7000,0.6,0.1,902.988,914.756,-1356.14,144.956
16,100,7000,0.6,0.1,902.988,914.756,-1356.14,144.26
16,100,7000,0.6,0.1,902.988,914.756,-1356.14,147.052
16,100,7000,0.6,0.1,902.988,914.756,-1356.14,143.646
16,100,7000,0.6,0.1,896.523,907.172,-1353.12,146.54
16,100,7000,0.6,0.1,896.523,907.172,-1353.12,145.683
16,100,7000,0.6,0.1,896.523,907.172,-1353.12,145.533
16,100,7000,0.6,0.1,896.523,907.172,-1353.12,145.709
16,100,7000,0.6,0.1,896.523,907.172,-1353.12,145.602
16,100,7000,0.6,0.1,896.523,907.172,-1353.12,146.496
16,100,7000,0.6,0.1,903.094,917.082,-1356.48,144.796
16,100,7000,0.6,0.1,903.094,917.082,-1356.48,144.384
16,100,7000,0.6,0.1,903.094,917.082,-1356.48,146.24
16,100,7000,0.6,0.1,903.094,917.082,-1356.48,145.022
16,100,7000,0.6,0.1,903.094,917.082,-1356.48,144.7
16,100,7000,0.6,0.1,903.094,917.082,-1356.48,148.415
16,100,7000,0.6,0.1,903.094,917.082,-1356.48,144.932
16,100,7000,0.6,0.1,901.009,914.438,-1356.31,144.766
16,100,7000,0.6,0.1,901.009,914.438,-1356.31,145.114
16,100,7000,0.6,0.1,901.009,914.438,-1356.31,144.805
16,100,7000,0.6,0.1,901.009,914.438,-1356.31,144.749
16,100,7000,0.6,0.1,901.009,914.438,-1356.31,143.49
16,100,7000,0.6,0.1,901.009,914.438,-1356.31,144.17
16,100,7000,0.6,0.1,901.009,914.438,-1356.31,144.36
16,100,7000,0.6,0.1,901.689,914.861,-1356.43,144.225
16,100,7000,0.6,0.1,901.689,914.861,-1356.43,144.305
16,100,7000,0.6,0.1,901.689,914.861,-1356.43,144.629
16,100,7000,0.6,0.1,901.689,914.861,-1356.43,144.787
16,100,7000,0.6,0.1,901.689,914.861,-1356.43,144.33
16,100,7000,0.6,0.1,901.689,914.861,-1356.43,144.154
16,100,7000,0.6,0.1,901.689,914.861,-1356.43,144.193
16,100,7000,0.6,0.1,899.438,912.928,-1355.81,145.305
16,100,7000,0.6,0.1,899.438,912.928,-1355.81,144.958
16,100,7000,0.6,0.1,899.438,912.928,-1355.81,146.402
16,100,7000,0.6,0.1,899.438,912.928,-1355.81,143.704
16,100,7000,0.6,0.1,899.438,912.928,-1355.81,146.427
16,100,7000,0.6,0.1,899.438,912.928,-1355.81,145.938
16,100,7000,0.6,0.1,899.438,912.928,-1355.81,143.605
16,100,7000,0.6,0.1,899.242,912.037,-1355.67,148.204
16,100,7000,0.6,0.1,899.242,912.037,-1355.67,145.062
16,100,7000,0.6,0.1,899.242,912.037,-1355.67,144.285
16,100,7000,0.6,0.1,899.242,912.037,-1355.67,144.526
16,100,7000,0.6,0.1,899.242,912.037,-1355.67,143.775
16,100,7000,0.6,0.1,899.242,912.037,-1355.67,144.568
16,100,7000,0.6,0.1,903.789,917.294,-1356.45,150.021
16,100,8000,0.6,0.1,903.789,917.294,-1356.45,175.679
16,100,8000,0.6,0.1,903.789,917.294,-1356.45,166.388
16,100,8000,0.6,0.1,903.789,917.294,-1356.45,163.961
16,100,8000,0.6,0.1,903.789,917.294,-1356.45,161.618
16,100,8000,0.6,0.1,903.789,917.294,-1356.45,162.269
16,100,8000,0.6,0.1,903.879,918.865,-1356.18,163.183
16,100,8000,0.6,0.1,903.879,918.865,-1356.18,162.362
16,100,8000,0.6,0.1,903.879,918.865,-1356.18,161.677
16,100,8000,0.6,0.1,903.879,918.865,-1356.18,160.719
16,100,8000,0.6,0.1,903.879,918.865,-1356.18,164.773
16,100,8000,0.6,0.1,903.879,918.865,-1356.18,165.786
16,100,8000,0.6,0.1,901.84,914.846,-1356.43,167.559
16,100,8000,0.6,0.1,901.84,914.846,-1356.43,168.044
16,100,8000,0.6,0.1,901.84,914.846,-1356.43,169.406
16,100,8000,0.6,0.1,901.84,914.846,-1356.43,167.411
16,100,8000,0.6,0.1,901.84,914.846,-1356.43,166.552
16,100,8000,0.6,0.1,901.84,914.846,-1356.43,166.507
16,100,8000,0.6,0.1,903.199,916.916,-1356.5,167.263
16,100,8000,0.6,0.1,903.199,916.916,-1356.5,163.984
16,100,8000,0.6,0.1,903.199,916.916,-1356.5,165.47
16,100,8000,0.6,0.1,903.199,916.916,-1356.5,166.46
16,100,8000,0.6,0.1,903.199,916.916,-1356.5,170.968
16,100,8000,0.6,0.1,903.199,916.916,-1356.5,166.935
16,100,8000,0.6,0.1,901.115,914.257,-1356.32,161.907
16,100,8000,0.6,0.1,901.115,914.257,-1356.32,166.005
16,100,8000,0.6,0.1,901.115,914.257,-1356.32,164.567
16,100,8000,0.6,0.1,901.115,914.257,-1356.32,167.611
16,100,8000,0.6,0.1,901.115,914.257,-1356.32,169.54
16,100,8000,0.6,0.1,901.115,914.257,-1356.32,166.838
16,100,8000,0.6,0.1,899.438,913.502,-1355.76,164.908
16,100,8000,0.6,0.1,899.438,913.502,-1355.76,161.515
16,100,8000,0.6,0.1,899.438,913.502,-1355.76,162.915
16,100,8000,0.6,0.1,899.438,913.502,-1355.76,161.597
16,100,8000,0.6,0.1,899.438,913.502,-1355.76,166.841
16,100,8000,0.6,0.1,899.438,913.502,-1355.76,166.078
16,100,8000,0.6,0.1,903.215,916.538,-1356.5,162.535
16,100,8000,0.6,0.1,903.215,916.538,-1356.5,161.123
16,100,8000,0.6,0.1,903.215,916.538,-1356.5,170.913
16,100,8000,0.6,0.1,903.215,916.538,-1356.5,168.819
16,100,8000,0.6,0.1,903.215,916.538,-1356.5,161.418
16,100,8000,0.6,0.1,903.215,916.538,-1356.5,165.158
16,100,8000,0.6,0.1,901.341,914.469,-1356.37,173.736
16,100,8000,0.6,0.1,901.341,914.469,-1356.37,173.23
16,100,8000,0.6,0.1,901.341,914.469,-1356.37,172.618
16,100,8000,0.6,0.1,901.341,914.469,-1356.37,166.166
16,100,8000,0.6,0.1,901.341,914.469,-1356.37,167.504
16,100,8000,0.6,0.1,901.341,914.469,-1356.37,173.545
16,100,8000,0.6,0.1,902.716,916.417,-1356.51,176.359
16,100,8000,0.6,0.1,902.716,916.417,-1356.51,177.516
16,100,8000,0.6,0.1,902.716,916.417,-1356.51,163.573
16,100,9000,0.6,0.1,902.716,916.055,-1356.51,189.553
16,100,9000,0.6,0.1,902.716,916.055,-1356.51,192.715
16,100,9000,0.6,0.1,903.728,917.248,-1356.46,190.908
16,100,9000,0.6,0.1,903.728,917.248,-1356.46,191.397
16,100,9000,0.6,0.1,903.728,917.248,-1356.46,187.891
16,100,9000,0.6,0.1,903.728,917.248,-1356.46,187.525
16,100,9000,0.6,0.1,903.728,917.248,-1356.46,185.881
16,100,9000,0.6,0.1,903.728,917.248,-1356.46,187.007
16,100,9000,0.6,0.1,902.338,916.1,-1356.49,186.881
16,100,9000,0.6,0.1,902.338,916.1,-1356.49,187.795
16,100,9000,0.6,0.1,902.338,916.1,-1356.49,186.507
16,100,9000,0.6,0.1,902.338,916.1,-1356.49,184.74
16,100,9000,0.6,0.1,902.338,916.1,-1356.49,186.317
16,100,9000,0.6,0.1,907.218,921.372,-1355.25,193.815
16,100,9000,0.6,0.1,907.218,921.372,-1355.25,191.3
16,100,9000,0.6,0.1,907.218,921.372,-1355.25,192.358
16,100,9000,0.6,0.1,907.218,921.372,-1355.25,190.207
16,100,9000,0.6,0.1,907.218,921.372,-1355.25,186.415
16,100,9000,0.6,0.1,907.233,922.656,-1354.88,187.444
16,100,9000,0.6,0.1,907.233,922.656,-1354.88,187.306
16,100,9000,0.6,0.1,907.233,922.656,-1354.88,187.58
16,100,9000,0.6,0.1,907.233,922.656,-1354.88,188.374
16,100,9000,0.6,0.1,907.233,922.656,-1354.88,189.739
16,100,9000,0.6,0.1,901.447,914.907,-1356.4,186.255
16,100,9000,0.6,0.1,901.447,914.907,-1356.4,187.531
16,100,9000,0.6,0.1,901.447,914.907,-1356.4,185.794
16,100,9000,0.6,0.1,901.447,914.907,-1356.4,185.518
16,100,9000,0.6,0.1,901.447,914.907,-1356.4,193.94
16,100,9000,0.6,0.1,901.447,914.907,-1356.4,187.085
16,100,9000,0.6,0.1,903.064,916.855,-1356.5,188.682
16,100,9000,0.6,0.1,903.064,916.855,-1356.5,184.967
16,100,9000,0.6,0.1,903.064,916.855,-1356.5,185.416
16,100,9000,0.6,0.1,903.064,916.855,-1356.5,184.698
16,100,9000,0.6,0.1,903.064,916.855,-1356.5,185.64
16,100,9000,0.6,0.1,901.9,914.816,-1356.42,186.918
16,100,9000,0.6,0.1,901.9,914.816,-1356.42,193.399
16,100,9000,0.6,0.1,901.9,914.816,-1356.42,193.839
16,100,9000,0.6,0.1,901.9,914.816,-1356.42,192.573
16,100,9000,0.6,0.1,901.9,914.816,-1356.42,199.051
16,100,9000,0.6,0.1,902.897,916.478,-1356.51,195.491
16,100,9000,0.6,0.1,902.897,916.478,-1356.51,197.085
16,100,9000,0.6,0.1,902.897,916.478,-1356.51,197.988
16,100,9000,0.6,0.1,902.897,916.478,-1356.51,197.924
16,100,9000,0.6,0.1,902.897,916.478,-1356.51,196.645
16,100,9000,0.6,0.1,902.384,914.71,-1356.34,195.841
16,100,9000,0.6,0.1,902.384,914.71,-1356.34,194.326
16,100,9000,0.6,0.1,902.384,914.71,-1356.34,194.843
16,100,9000,0.6,0.1,902.384,914.71,-1356.34,188.377
16,100,9000,0.6,0.1,902.384,914.71,-1356.34,192.569
16,100,9000,0.6,0.1,901.523,914.363,-1356.36,189.827
16,100,10000,0.6,0.1,901.523,914.846,-1356.41,212.609
16,100,10000,0.6,0.1,901.523,914.846,-1356.41,209.506
16,100,10000,0.6,0.1,901.523,914.846,-1356.41,208.8
16,100,10000,0.6,0.1,901.523,914.846,-1356.41,212.413
16,100,10000,0.6,0.1,907.188,921.735,-1355.2,218.615
16,100,10000,0.6,0.1,907.188,921.735,-1355.2,210.85
16,100,10000,0.6,0.1,907.188,921.735,-1355.2,206.484
16,100,10000,0.6,0.1,907.188,921.735,-1355.2,204.454
16,100,10000,0.6,0.1,907.188,921.735,-1355.2,203.731
16,100,10000,0.6,0.1,902.822,916.372,-1356.51,203.48
16,100,10000,0.6,0.1,902.822,916.372,-1356.51,202.706
16,100,10000,0.6,0.1,902.822,916.372,-1356.51,199.921
16,100,10000,0.6,0.1,902.822,916.372,-1356.51,207.608
16,100,10000,0.6,0.1,902.822,916.372,-1356.51,212.746
16,100,10000,0.6,0.1,901.311,913.819,-1356.26,204.459
16,100,10000,0.6,0.1,901.311,913.819,-1356.26,217.48
16,100,10000,0.6,0.1,901.311,913.819,-1356.26,202.931
16,100,10000,0.6,0.1,901.311,913.819,-1356.26,203.313
16,100,10000,0.6,0.1,903.335,916.372,-1356.47,202.683
16,100,10000,0.6,0.1,903.335,916.372,-1356.47,205.228
16,100,10000,0.6,0.1,903.335,916.372,-1356.47,216.424
16,100,10000,0.6,0.1,903.335,916.372,-1356.47,211.619
16,100,10000,0.6,0.1,903.335,916.372,-1356.47,201.685
16,100,10000,0.6,0.1,907.188,920.889,-1355.31,202.039
16,100,10000,0.6,0.1,907.188,920.889,-1355.31,202.864
16,100,10000,0.6,0.1,907.188,920.889,-1355.31,215.888
16,100,10000,0.6,0.1,907.188,920.889,-1355.31,216.634
16,100,10000,0.6,0.1,907.188,920.889,-1355.31,214.838
16,100,10000,0.6,0.1,902.505,914.771,-1356.32,216.14
16,100,10000,0.6,0.1,902.505,914.771,-1356.32,219.812
16,100,10000,0.6,0.1,902.505,914.771,-1356.32,218.578
16,100,10000,0.6,0.1,902.505,914.771,-1356.32,215.928
16,100,10000,0.6,0.1,903.804,917.309,-1356.45,202.27
16,100,10000,0.6,0.1,903.804,917.309,-1356.45,218.379
16,100,10000,0.6,0.1,903.804,917.309,-1356.45,215.909
16,100,10000,0.6,0.1,903.804,917.309,-1356.45,210.003
16,100,10000,0.6,0.1,903.804,917.309,-1356.45,215.166
16,100,10000,0.6,0.1,901.462,914.846,-1356.4,216.079
16,100,10000,0.6,0.1,901.462,914.846,-1356.4,212.36
16,100,10000,0.6,0.1,901.462,914.846,-1356.4,213.048
16,100,10000,0.6,0.1,901.462,914.846,-1356.4,210.733
16,100,10000,0.6,0.1,901.462,914.846,-1356.4,209.284
16,100,10000,0.6,0.1,901.341,914.725,-1356.38,203.109
16,100,10000,0.6,0.1,901.341,914.725,-1356.38,203.566
16,100,10000,0.6,0.1,901.341,914.725,-1356.38,201.28
16,100,10000,0.6,0.1,901.341,914.725,-1356.38,200.547
16,100,10000,0.6,0.1,903.789,917.142,-1356.45,207.6
16,100,10000,0.6,0.1,903.789,917.142,-1356.45,218.084
16,100,10000,0.6,0.1,903.789,917.142,-1356.45,218.801
16,100,10000,0.6,0.1,903.789,917.142,-1356.45,208.812
