10,100,1000,0,0.1,929.092,949.072,-1350.63,12.456
10,100,1000,0,0.1,917.104,934.087,-1354.28,12.452
10,100,1000,0,0.1,927.094,943.078,-1354.7,12.112
10,100,1000,0,0.1,926.095,941.08,-1355.62,12.142
10,100,1000,0,0.1,923.098,921.1,-1327.16,12.46
10,100,1000,0,0.1,916.104,931.09,-1354.37,12.715
10,100,1000,0,0.1,928.093,936.085,-1351.06,12.143
10,100,1000,0,0.1,921.1,920.101,-1330.68,12.43
10,100,1000,0,0.1,919.102,930.091,-1354.88,12.422
10,100,1000,0,0.1,923.098,931.09,-1352.82,11.97
10,100,1000,0,0.1,739.277,940.081,-1271.2,12.256
10,100,1000,0,0.1,923.098,935.086,-1356.24,11.966
10,100,1000,0,0.1,923.098,934.087,-1355.75,12.418
10,100,1000,0,0.1,922.099,935.086,-1356.45,12.082
10,100,1000,0,0.1,960.062,967.055,-1272.88,12.586
10,100,1000,0,0.1,911.109,916.104,-1340.63,12.38
10,100,1000,0,0.1,928.093,939.082,-1354.02,12.387
10,100,1000,0,0.1,916.104,925.096,-1350.82,12.324
10,100,1000,0,0.1,939.082,964.058,-1328.01,12.576
10,100,1000,0,0.1,924.097,938.083,-1356.4,12.081
10,100,1000,0,0.1,930.091,940.081,-1351.71,12.425
10,100,1000,0,0.1,924.097,938.083,-1356.4,12.1
10,100,1000,0,0.1,924.097,936.085,-1356.14,12.039
10,100,1000,0,0.1,918.103,931.09,-1355.05,12.325
10,100,1000,0,0.1,920.101,927.094,-1350.93,12.517
10,100,1000,0,0.1,917.104,925.096,-1350.01,12.199
10,100,1000,0,0.1,919.102,931.09,-1355.36,12.637
10,100,1000,0,0.1,927.094,943.078,-1354.7,12.173
10,100,1000,0,0.1,923.098,937.084,-1356.48,12.532
10,100,1000,0,0.1,929.092,948.073,-1351.8,12.636
10,100,1000,0,0.1,929.092,943.078,-1354.1,12.003
10,100,1000,0,0.1,927.094,941.08,-1355.39,12.294
10,100,1000,0,0.1,891.129,903.117,-1297.4,12.244
10,100,1000,0,0.1,909.111,926.095,-1345.37,12.334
10,100,1000,0,0.1,909.111,919.102,-1343.96,12.121
10,100,1000,0,0.1,919.102,933.088,-1355.58,12.111
10,100,1000,0,0.1,916.104,925.096,-1350.82,12.894
10,100,1000,0,0.1,923.098,938.083,-1356.24,11.984
10,100,1000,0,0.1,897.123,887.133,-1256.61,12.165
10,100,1000,0,0.1,911.109,931.09,-1345.32,12.772
10,100,1000,0,0.1,921.1,943.078,-1347.6,11.905
10,100,1000,0,0.1,918.103,926.095,-1351.47,12.451
10,100,1000,0,0.1,917.104,930.091,-1354.82,12.723
10,100,1000,0,0.1,919.102,930.091,-1354.88,12.316
10,100,1000,0,0.1,919.102,927.094,-1351.99,12.667
10,100,1000,0,0.1,917.104,932.089,-1355.04,11.993
10,100,1000,0,0.1,911.109,927.094,-1348.88,12.165
10,100,1000,0,0.1,920.101,932.089,-1355.77,12.38
10,100,1000,0,0.1,915.105,931.09,-1353.31,11.816
10,100,1000,0,0.1,929.092,936.085,-1348.86,12.439
10,100,1000,0.05,0.1,912.108,930.091,-1348.89,12.239
10,100,1000,0.05,0.1,896.124,894.126,-1286.25,12.208
10,100,1000,0.05,0.1,921.1,933.088,-1356.05,12.375
10,100,1000,0.05,0.1,916.104,934.087,-1352.86,12.705
10,100,1000,0.05,0.1,921.1,934.087,-1356.29,12.144
10,100,1000,0.05,0.1,927.094,939.082,-1355.11,12.965
10,100,1000,0.05,0.1,915.105,926.095,-1352.21,12.082
10,100,1000,0.05,0.1,927.094,940.081,-1355.37,12.565
10,100,1000,0.05,0.1,927.094,908.112,-1234.66,12.669
10,100,1000,0.05,0.1,918.103,935.086,-1353.54,12.146
10,100,1000,0.05,0.1,908.112,918.103,-1342.3,12.605
10,100,1000,0.05,0.1,905.115,909.111,-1328.21,12.48
10,100,1000,0.05,0.1,924.097,934.087,-1354.92,12.552
10,100,1000,0.05,0.1,935.086,946.075,-1346.44,12.659
10,100,1000,0.05,0.1,916.104,931.09,-1354.37,12.261
10,100,1000,0.05,0.1,925.096,944.077,-1352.63,12.451
10,100,1000,0.05,0.1,926.095,938.083,-1355.58,12.712
10,100,1000,0.05,0.1,923.098,935.086,-1356.24,12.099
10,100,1000,0.05,0.1,917.104,931.09,-1355.05,12.813
10,100,1000,0.05,0.1,917.104,931.09,-1355.05,12.558
10,100,1000,0.05,0.1,920.101,933.088,-1356,12.359
10,100,1000,0.05,0.1,921.1,934.087,-1356.29,12.926
10,100,1000,0.05,0.1,914.106,925.096,-1351.3,12.625
10,100,1000,0.05,0.1,919.102,928.093,-1353.2,12.2
10,100,1000,0.05,0.1,925.096,936.085,-1355.43,12.259
10,100,1000,0.05,0.1,911.109,921.1,-1346.89,12.612
10,100,1000,0.05,0.1,938.083,973.049,-1294.68,12.17
10,100,1000,0.05,0.1,922.099,933.088,-1355.72,12.534
10,100,1000,0.05,0.1,910.11,922.099,-1347.13,12.519
10,100,1000,0.05,0.1,923.098,935.086,-1356.24,12.743
10,100,1000,0.05,0.1,937.084,970.052,-1305.18,12.369
10,100,1000,0.05,0.1,929.092,946.075,-1352.73,12.109
10,100,1000,0.05,0.1,950.071,967.055,-1313.78,12.961
10,100,1000,0.05,0.1,925.096,930.091,-1347.36,12.189
10,100,1000,0.05,0.1,920.101,935.086,-1355.74,12.59
10,100,1000,0.05,0.1,913.107,923.098,-1349.32,12.912
10,100,1000,0.05,0.1,931.09,943.078,-1352.01,12.239
10,100,1000,0.05,0.1,923.098,936.085,-1356.48,12.454
10,100,1000,0.05,0.1,912.108,931.09,-1347.88,12.149
10,100,1000,0.05,0.1,922.099,931.09,-1354.02,12.913
10,100,1000,0.05,0.1,923.098,935.086,-1356.24,12.01
10,100,1000,0.05,0.1,938.083,960.062,-1336.03,12.367
10,100,1000,0.05,0.1,938.083,934.087,-1304.51,13.028
10,100,1000,0.05,0.1,935.086,948.073,-1346.96,12.56
10,100,1000,0.05,0.1,945.076,963.059,-1325.26,12.356
10,100,1000,0.05,0.1,928.093,937.084,-1352.29,12.465
10,100,1000,0.05,0.1,925.096,939.082,-1356.19,12.271
10,100,1000,0.05,0.1,925.096,940.081,-1355.95,12.82
10,100,1000,0.05,0.1,919.102,932.089,-1355.59,12.386
10,100,1000,0.05,0.1,921.1,935.086,-1356.28,12.276
10,100,1000,0.1,0.1,927.094,933.088,-1348.47,12.525
10,100,1000,0.1,0.1,929.092,945.076,-1353.43,12.735
10,100,1000,0.1,0.1,921.1,933.088,-1356.05,12.421
10,100,1000,0.1,0.1,927.094,941.08,-1355.39,12.922
10,100,1000,0.1,0.1,921.1,934.087,-1356.29,12.605
10,100,1000,0.1,0.1,921.1,935.086,-1356.28,13.027
10,100,1000,0.1,0.1,912.108,923.098,-1349.12,12.66
10,100,1000,0.1,0.1,925.096,939.082,-1356.19,12.579
10,100,1000,0.1,0.1,954.067,971.051,-1300.57,13.097
10,100,1000,0.1,0.1,917.104,931.09,-1355.05,12.891
10,100,1000,0.1,0.1,894.126,913.107,-1304.02,12.72
10,100,1000,0.1,0.1,907.113,906.114,-1317.48,12.917
10,100,1000,0.1,0.1,921.1,933.088,-1356.05,12.547
10,100,1000,0.1,0.1,910.11,922.099,-1347.13,12.203
10,100,1000,0.1,0.1,916.104,933.088,-1353.6,12.697
10,100,1000,0.1,0.1,752.265,952.069,-1261.19,12.667
10,100,1000,0.1,0.1,926.095,938.083,-1355.58,12.424
10,100,1000,0.1,0.1,923.098,935.086,-1356.24,12.545
10,100,1000,0.1,0.1,917.104,931.09,-1355.05,13.012
10,100,1000,0.1,0.1,918.103,931.09,-1355.05,12.555
10,100,1000,0.1,0.1,743.273,946.075,-1271.23,12.645
10,100,1000,0.1,0.1,920.101,937.084,-1354.52,13.055
10,100,1000,0.1,0.1,928.093,943.078,-1354.59,12.416
10,100,1000,0.1,0.1,919.102,930.091,-1354.88,12.693
10,100,1000,0.1,0.1,929.092,944.077,-1353.88,12.893
10,100,1000,0.1,0.1,937.084,960.062,-1335.97,12.552
10,100,1000,0.1,0.1,917.104,929.092,-1354.35,12.557
10,100,1000,0.1,0.1,928.093,943.078,-1354.59,13.078
10,100,1000,0.1,0.1,910.11,922.099,-1347.13,12.604
10,100,1000,0.1,0.1,924.097,938.083,-1356.4,12.435
10,100,1000,0.1,0.1,913.107,931.09,-1350.07,13.073
10,100,1000,0.1,0.1,922.099,931.09,-1354.02,12.419
10,100,1000,0.1,0.1,889.131,911.109,-1279.73,13.034
10,100,1000,0.1,0.1,903.117,911.109,-1331,12.915
10,100,1000,0.1,0.1,928.093,941.08,-1354.79,12.309
10,100,1000,0.1,0.1,913.107,925.096,-1350.98,12.79
10,100,1000,0.1,0.1,924.097,935.086,-1355.65,12.57
10,100,1000,0.1,0.1,919.102,933.088,-1355.58,12.509
10,100,1000,0.1,0.1,936.085,959.062,-1337.61,12.657
10,100,1000,0.1,0.1,922.099,931.09,-1354.02,12.74
10,100,1000,0.1,0.1,927.094,944.077,-1354,12.509
10,100,1000,0.1,0.1,930.091,939.082,-1350.72,12.514
10,100,1000,0.1,0.1,930.091,950.071,-1349.83,12.544
10,100,1000,0.1,0.1,938.083,951.07,-1341.91,12.614
10,100,1000,0.1,0.1,939.082,963.059,-1330.29,12.863
10,100,1000,0.1,0.1,930.091,946.075,-1352.61,12.725
10,100,1000,0.1,0.1,925.096,939.082,-1356.19,12.374
10,100,1000,0.1,0.1,924.097,940.081,-1355.69,13.16
10,100,1000,0.1,0.1,910.11,923.098,-1347.58,12.527
10,100,1000,0.1,0.1,920.101,931.09,-1355.29,12.564
10,100,1000,0.15,0.1,916.104,930.091,-1354.39,12.953
10,100,1000,0.15,0.1,908.112,914.106,-1338,12.872
10,100,1000,0.15,0.1,928.093,947.074,-1351.32,12.94
10,100,1000,0.15,0.1,914.106,929.092,-1352.66,12.757
10,100,1000,0.15,0.1,750.267,951.07,-1265.03,12.62
10,100,1000,0.15,0.1,901.119,900.12,-1304.28,12.779
10,100,1000,0.15,0.1,923.098,944.077,-1349.78,13.265
10,100,1000,0.15,0.1,943.078,959.062,-1331.37,12.843
10,100,1000,0.15,0.1,908.112,920.101,-1343.93,12.927
10,100,1000,0.15,0.1,932.089,947.074,-1351.04,13.31
10,100,1000,0.15,0.1,905.115,921.1,-1338.47,13.019
10,100,1000,0.15,0.1,729.287,912.108,-1239.16,12.439
10,100,1000,0.15,0.1,919.102,938.083,-1351.89,12.623
10,100,1000,0.15,0.1,921.1,934.087,-1356.29,12.897
10,100,1000,0.15,0.1,927.094,944.077,-1354,12.879
10,100,1000,0.15,0.1,953.068,951.07,-1275.08,12.792
10,100,1000,0.15,0.1,926.095,936.085,-1354.35,13.185
10,100,1000,0.15,0.1,737.279,937.084,-1270.37,13.001
10,100,1000,0.15,0.1,919.102,931.09,-1355.36,12.393
10,100,1000,0.15,0.1,923.098,937.084,-1356.48,13.561
10,100,1000,0.15,0.1,938.083,960.062,-1336.03,12.973
10,100,1000,0.15,0.1,919.102,932.089,-1355.59,12.567
10,100,1000,0.15,0.1,915.105,931.09,-1353.31,13.314
10,100,1000,0.15,0.1,920.101,935.086,-1355.74,12.63
10,100,1000,0.15,0.1,934.087,940.081,-1341.66,12.484
10,100,1000,0.15,0.1,925.096,939.082,-1356.19,13.384
10,100,1000,0.15,0.1,904.116,937.084,-1294.33,12.807
10,100,1000,0.15,0.1,931.09,948.073,-1351.66,12.861
10,100,1000,0.15,0.1,912.108,930.091,-1348.89,12.807
10,100,1000,0.15,0.1,927.094,940.081,-1355.37,12.763
10,100,1000,0.15,0.1,883.137,895.125,-1267.85,12.64
10,100,1000,0.15,0.1,914.106,929.092,-1352.66,13.098
10,100,1000,0.15,0.1,920.101,936.085,-1355.25,12.727
10,100,1000,0.15,0.1,916.104,931.09,-1354.37,12.389
10,100,1000,0.15,0.1,936.085,959.062,-1337.61,13.241
10,100,1000,0.15,0.1,910.11,939.082,-1321.89,13.122
10,100,1000,0.15,0.1,939.082,959.062,-1337.09,13.02
10,100,1000,0.15,0.1,924.097,950.071,-1340.72,13.429
10,100,1000,0.15,0.1,917.104,931.09,-1355.05,12.72
10,100,1000,0.15,0.1,929.092,948.073,-1351.8,13.161
10,100,1000,0.15,0.1,925.096,938.083,-1356.18,12.494
10,100,1000,0.15,0.1,919.102,931.09,-1355.36,13.023
10,100,1000,0.15,0.1,926.095,943.078,-1354.45,12.933
10,100,1000,0.15,0.1,930.091,943.078,-1353.24,12.689
10,100,1000,0.15,0.1,924.097,944.077,-1351.39,12.936
10,100,1000,0.15,0.1,911.109,917.104,-1342.57,12.928
10,100,1000,0.15,0.1,915.105,930.091,-1353.58,12.509
10,100,1000,0.15,0.1,928.093,940.081,-1354.52,13.489
10,100,1000,0.15,0.1,910.11,925.096,-1347.74,12.866
10,100,1000,0.15,0.1,926.095,967.055,-1274.74,12.99
10,100,1000,0.2,0.1,923.098,935.086,-1356.24,12.71
10,100,1000,0.2,0.1,908.112,914.106,-1338,13.632
10,100,1000,0.2,0.1,928.093,947.074,-1351.32,13.279
10,100,1000,0.2,0.1,914.106,929.092,-1352.66,12.784
10,100,1000,0.2,0.1,728.288,928.093,-1262.21,13.338
10,100,1000,0.2,0.1,920.101,936.085,-1355.25,13.134
10,100,1000,0.2,0.1,923.098,939.082,-1355.76,12.765
10,100,1000,0.2,0.1,910.11,925.096,-1347.74,13.372
10,100,1000,0.2,0.1,916.104,929.092,-1354.17,13.326
10,100,1000,0.2,0.1,933.088,951.07,-1348.73,13.43
10,100,1000,0.2,0.1,905.115,921.1,-1338.47,13.119
10,100,1000,0.2,0.1,723.293,909.111,-1240.68,12.841
10,100,1000,0.2,0.1,925.096,946.075,-1349.55,13.486
10,100,1000,0.2,0.1,921.1,934.087,-1356.29,12.978
10,100,1000,0.2,0.1,927.094,944.077,-1354,13.816
10,100,1000,0.2,0.1,943.078,945.076,-1314.91,12.822
10,100,1000,0.2,0.1,926.095,936.085,-1354.35,12.954
10,100,1000,0.2,0.1,926.095,949.072,-1347.35,12.862
10,100,1000,0.2,0.1,919.102,931.09,-1355.36,13.278
10,100,1000,0.2,0.1,923.098,937.084,-1356.48,12.998
10,100,1000,0.2,0.1,949.072,966.056,-1316.82,13.364
10,100,1000,0.2,0.1,916.104,931.09,-1354.37,13.445
10,100,1000,0.2,0.1,915.105,931.09,-1353.31,13.137
10,100,1000,0.2,0.1,911.109,930.091,-1346.57,12.973
10,100,1000,0.2,0.1,901.119,909.111,-1326.09,13.495
10,100,1000,0.2,0.1,910.11,921.1,-1346.43,13.469
10,100,1000,0.2,0.1,946.075,961.061,-1323.72,12.761
10,100,1000,0.2,0.1,929.092,932.089,-1340.52,13.173
10,100,1000,0.2,0.1,904.116,915.105,-1336.06,13.019
10,100,1000,0.2,0.1,927.094,940.081,-1355.37,13.176
10,100,1000,0.2,0.1,944.077,958.063,-1328.96,12.847
10,100,1000,0.2,0.1,914.106,929.092,-1352.66,12.741
10,100,1000,0.2,0.1,920.101,936.085,-1355.25,13.412
10,100,1000,0.2,0.1,921.1,936.085,-1356.03,13.192
10,100,1000,0.2,0.1,890.13,901.119,-1293.18,13.055
10,100,1000,0.2,0.1,910.11,939.082,-1321.89,13.185
10,100,1000,0.2,0.1,939.082,959.062,-1337.09,12.736
10,100,1000,0.2,0.1,937.084,941.08,-1332.74,12.656
10,100,1000,0.2,0.1,917.104,931.09,-1355.05,13.271
10,100,1000,0.2,0.1,929.092,948.073,-1351.8,12.81
10,100,1000,0.2,0.1,925.096,938.083,-1356.18,12.738
10,100,1000,0.2,0.1,919.102,931.09,-1355.36,13.106
10,100,1000,0.2,0.1,926.095,943.078,-1354.45,12.677
10,100,1000,0.2,0.1,919.102,932.089,-1355.59,13.009
10,100,1000,0.2,0.1,924.097,944.077,-1351.39,12.674
10,100,1000,0.2,0.1,911.109,917.104,-1342.57,13.268
10,100,1000,0.2,0.1,925.096,944.077,-1352.63,13.187
10,100,1000,0.2,0.1,929.092,942.079,-1354.07,12.806
10,100,1000,0.2,0.1,944.077,966.056,-1323,13.192
10,100,1000,0.2,0.1,915.105,921.1,-1344.96,12.945
10,100,1000,0.25,0.1,943.078,959.062,-1331.37,13.016
10,100,1000,0.25,0.1,918.103,935.086,-1353.54,13.501
10,100,1000,0.25,0.1,914.106,923.098,-1349.15,13.178
10,100,1000,0.25,0.1,906.114,928.093,-1333.59,13.394
10,100,1000,0.25,0.1,923.098,938.083,-1356.24,12.985
10,100,1000,0.25,0.1,929.092,943.078,-1354.1,13.533
10,100,1000,0.25,0.1,747.27,970.052,-1237.01,13.599
10,100,1000,0.25,0.1,928.093,942.079,-1354.81,13.017
10,100,1000,0.25,0.1,914.106,930.091,-1352.39,13.191
10,100,1000,0.25,0.1,903.117,927.094,-1322.72,13.144
10,100,1000,0.25,0.1,925.096,939.082,-1356.19,13.093
10,100,1000,0.25,0.1,935.086,958.063,-1339.13,13.394
10,100,1000,0.25,0.1,943.078,959.062,-1331.37,12.904
10,100,1000,0.25,0.1,931.09,960.062,-1328,13.61
10,100,1000,0.25,0.1,920.101,931.09,-1355.29,13.191
10,100,1000,0.25,0.1,909.111,937.084,-1323.65,13.117
10,100,1000,0.25,0.1,912.108,927.094,-1350.45,13.272
10,100,1000,0.25,0.1,921.1,931.09,-1354.84,13.076
10,100,1000,0.25,0.1,913.107,928.093,-1351.62,13.156
10,100,1000,0.25,0.1,923.098,936.085,-1356.48,13.222
10,100,1000,0.25,0.1,932.089,946.075,-1351.24,13.042
10,100,1000,0.25,0.1,933.088,962.06,-1325.88,13.443
10,100,1000,0.25,0.1,888.132,898.122,-1284.55,13.518
10,100,1000,0.25,0.1,906.114,916.104,-1339.56,12.647
10,100,1000,0.25,0.1,580.433,957.064,-1198.57,13.189
10,100,1000,0.25,0.1,914.106,927.094,-1352.47,13.616
10,100,1000,0.25,0.1,931.09,948.073,-1351.66,13.271
10,100,1000,0.25,0.1,935.086,955.066,-1343.95,13.103
10,100,1000,0.25,0.1,931.09,937.084,-1345.31,13.738
10,100,1000,0.25,0.1,913.107,919.102,-1343.05,13.523
10,100,1000,0.25,0.1,934.087,952.069,-1347.42,12.953
10,100,1000,0.25,0.1,911.109,920.101,-1345.7,13.236
10,100,1000,0.25,0.1,945.076,961.061,-1326.28,13.597
10,100,1000,0.25,0.1,922.099,941.08,-1352.83,13.201
10,100,1000,0.25,0.1,928.093,939.082,-1354.02,13.396
10,100,1000,0.25,0.1,921.1,933.088,-1356.05,13.052
10,100,1000,0.25,0.1,930.091,959.062,-1328.88,13.354
10,100,1000,0.25,0.1,915.105,922.099,-1346.9,13.037
10,100,1000,0.25,0.1,933.088,959.062,-1334.87,12.978
10,100,1000,0.25,0.1,898.122,912.108,-1321.04,13.767
10,100,1000,0.25,0.1,953.068,952.069,-1278.73,13.516
10,100,1000,0.25,0.1,920.101,933.088,-1356,13.19
10,100,1000,0.25,0.1,943.078,947.074,-1320.07,13.374
10,100,1000,0.25,0.1,927.094,932.089,-1346.51,13.332
10,100,1000,0.25,0.1,928.093,936.085,-1351.06,13.458
10,100,1000,0.25,0.1,927.094,945.076,-1353.06,13.14
10,100,1000,0.25,0.1,967.055,993.029,-1234.13,13.275
10,100,1000,0.25,0.1,898.122,913.107,-1320.7,13.469
10,100,1000,0.25,0.1,915.105,935.086,-1349.83,13.397
10,100,1000,0.25,0.1,927.094,940.081,-1355.37,13.187
10,100,1000,0.3,0.1,921.1,937.084,-1355.55,13.664
10,100,1000,0.3,0.1,905.115,920.101,-1338.77,13.15
10,100,1000,0.3,0.1,937.084,959.062,-1337.8,13.241
10,100,1000,0.3,0.1,933.088,960.062,-1332.1,13.604
10,100,1000,0.3,0.1,744.272,945.076,-1270.76,13.748
10,100,1000,0.3,0.1,927.094,915.105,-1282.08,13.162
10,100,1000,0.3,0.1,937.084,962.06,-1331.62,13.752
10,100,1000,0.3,0.1,941.08,961.061,-1332.96,13.513
10,100,1000,0.3,0.1,736.28,937.084,-1270.37,13.34
10,100,1000,0.3,0.1,949.072,960.062,-1316.97,13.439
10,100,1000,0.3,0.1,911.109,923.098,-1348.53,13.073
10,100,1000,0.3,0.1,922.099,943.078,-1349.71,13.487
10,100,1000,0.3,0.1,906.114,919.102,-1340.68,13.758
10,100,1000,0.3,0.1,941.08,956.065,-1336.17,13.294
10,100,1000,0.3,0.1,909.111,923.098,-1346.24,13.146
10,100,1000,0.3,0.1,900.12,899.121,-1301.65,13.699
10,100,1000,0.3,0.1,928.093,945.076,-1353.43,13.495
10,100,1000,0.3,0.1,907.113,909.111,-1327.01,13.447
10,100,1000,0.3,0.1,915.105,931.09,-1353.31,13.501
10,100,1000,0.3,0.1,750.267,959.062,-1265.3,13.058
10,100,1000,0.3,0.1,928.093,943.078,-1354.59,13.653
10,100,1000,0.3,0.1,909.111,932.089,-1337.09,13.294
10,100,1000,0.3,0.1,914.106,955.066,-1275.61,13.066
10,100,1000,0.3,0.1,927.094,939.082,-1355.11,13.715
10,100,1000,0.3,0.1,925.096,938.083,-1356.18,13.083
10,100,1000,0.3,0.1,744.272,936.085,-1260.26,13.334
10,100,1000,0.3,0.1,917.104,935.086,-1353.54,13.401
10,100,1000,0.3,0.1,592.421,979.043,-1190,13.57
10,100,1000,0.3,0.1,920.101,930.091,-1354.56,13.12
10,100,1000,0.3,0.1,907.113,923.098,-1342.43,13.551
10,100,1000,0.3,0.1,927.094,943.078,-1354.7,13.94
10,100,1000,0.3,0.1,927.094,934.087,-1350.19,13.218
10,100,1000,0.3,0.1,918.103,922.099,-1344.18,13.417
10,100,1000,0.3,0.1,927.094,963.059,-1301.69,13.793
10,100,1000,0.3,0.1,923.098,934.087,-1355.75,13.481
10,100,1000,0.3,0.1,918.103,939.082,-1348.17,12.983
10,100,1000,0.3,0.1,935.086,955.066,-1343.95,13.609
10,100,1000,0.3,0.1,936.085,947.074,-1344.87,13.686
10,100,1000,0.3,0.1,895.125,893.127,-1283.03,13.344
10,100,1000,0.3,0.1,886.134,911.109,-1266.45,13.428
10,100,1000,0.3,0.1,927.094,942.079,-1355.17,13.311
10,100,1000,0.3,0.1,884.136,891.129,-1266.7,13.266
10,100,1000,0.3,0.1,930.091,942.079,-1352.97,13.491
10,100,1000,0.3,0.1,943.078,968.054,-1319.38,13.028
10,100,1000,0.3,0.1,934.087,943.078,-1346.12,13.61
10,100,1000,0.3,0.1,908.112,921.1,-1344.38,13.726
10,100,1000,0.3,0.1,930.091,943.078,-1353.24,13.206
10,100,1000,0.3,0.1,739.277,955.066,-1253.16,13.677
10,100,1000,0.3,0.1,926.095,939.082,-1355.84,13.771
10,100,1000,0.3,0.1,911.109,913.107,-1333.33,13.282
10,100,1000,0.35,0.1,933.088,940.081,-1344.73,13.739
10,100,1000,0.35,0.1,928.093,935.086,-1349.59,13.188
10,100,1000,0.35,0.1,937.084,959.062,-1337.8,13.447
10,100,1000,0.35,0.1,735.281,936.085,-1269.81,13.935
10,100,1000,0.35,0.1,733.283,922.099,-1254.53,13.695
10,100,1000,0.35,0.1,911.109,923.098,-1348.53,13.316
10,100,1000,0.35,0.1,937.084,962.06,-1331.62,13.522
10,100,1000,0.35,0.1,919.102,936.085,-1354.09,13.583
10,100,1000,0.35,0.1,736.28,937.084,-1270.37,13.432
10,100,1000,0.35,0.1,927.094,933.088,-1348.47,14.032
10,100,1000,0.35,0.1,904.116,913.107,-1334.45,13.312
10,100,1000,0.35,0.1,927.094,941.08,-1355.39,13.602
10,100,1000,0.35,0.1,906.114,919.102,-1340.68,13.449
10,100,1000,0.35,0.1,941.08,956.065,-1336.17,13.771
10,100,1000,0.35,0.1,919.102,926.095,-1350.53,13.615
10,100,1000,0.35,0.1,900.12,899.121,-1301.65,13.858
10,100,1000,0.35,0.1,928.093,945.076,-1353.43,13.047
10,100,1000,0.35,0.1,951.07,963.059,-1311.32,13.347
10,100,1000,0.35,0.1,914.106,927.094,-1352.47,13.561
10,100,1000,0.35,0.1,750.267,959.062,-1265.3,13.203
10,100,1000,0.35,0.1,947.074,963.059,-1320.74,14.09
10,100,1000,0.35,0.1,934.087,965.057,-1317.53,14.153
10,100,1000,0.35,0.1,914.106,955.066,-1275.61,13.525
10,100,1000,0.35,0.1,919.102,935.086,-1354.83,13.583
10,100,1000,0.35,0.1,917.104,931.09,-1355.05,13.764
10,100,1000,0.35,0.1,908.112,905.115,-1311.65,13.443
10,100,1000,0.35,0.1,929.092,951.07,-1347.59,13.23
10,100,1000,0.35,0.1,745.271,941.08,-1266.11,13.833
10,100,1000,0.35,0.1,920.101,930.091,-1354.56,14.066
10,100,1000,0.35,0.1,907.113,923.098,-1342.43,13.613
10,100,1000,0.35,0.1,928.093,945.076,-1353.43,13.719
10,100,1000,0.35,0.1,927.094,934.087,-1350.19,13.965
10,100,1000,0.35,0.1,918.103,922.099,-1344.18,13.144
10,100,1000,0.35,0.1,923.098,949.072,-1340.76,13.7
10,100,1000,0.35,0.1,923.098,934.087,-1355.75,14.113
10,100,1000,0.35,0.1,949.072,939.082,-1255.76,13.133
10,100,1000,0.35,0.1,742.274,948.073,-1270.6,13.678
10,100,1000,0.35,0.1,929.092,945.076,-1353.43,13.527
10,100,1000,0.35,0.1,895.125,893.127,-1283.03,13.656
10,100,1000,0.35,0.1,735.281,917.104,-1236.74,13.395
10,100,1000,0.35,0.1,927.094,942.079,-1355.17,13.77
10,100,1000,0.35,0.1,894.126,889.131,-1267.13,13.298
10,100,1000,0.35,0.1,907.113,914.106,-1337.91,13.366
10,100,1000,0.35,0.1,924.097,937.084,-1356.39,13.293
10,100,1000,0.35,0.1,934.087,959.062,-1336.15,13.971
10,100,1000,0.35,0.1,908.112,921.1,-1344.38,13.458
10,100,1000,0.35,0.1,930.091,943.078,-1353.24,13.41
10,100,1000,0.35,0.1,963.059,969.053,-1258.26,13.863
10,100,1000,0.35,0.1,923.098,937.084,-1356.48,13.773
10,100,1000,0.35,0.1,911.109,913.107,-1333.33,13.139
10,100,1000,0.4,0.1,903.117,916.104,-1334.38,13.7
10,100,1000,0.4,0.1,930.091,947.074,-1351.92,14.03
10,100,1000,0.4,0.1,905.115,915.105,-1337.53,13.652
10,100,1000,0.4,0.1,911.109,928.093,-1348.35,13.676
10,100,1000,0.4,0.1,923.098,945.076,-1347.87,13.693
10,100,1000,0.4,0.1,910.11,925.096,-1347.74,13.655
10,100,1000,0.4,0.1,905.115,907.113,-1323.11,13.895
10,100,1000,0.4,0.1,737.279,974.048,-1155.97,14.011
10,100,1000,0.4,0.1,955.066,967.055,-1297.62,13.787
10,100,1000,0.4,0.1,933.088,959.062,-1334.87,13.87
10,100,1000,0.4,0.1,890.13,925.096,-1240.18,14.059
10,100,1000,0.4,0.1,922.099,934.087,-1356.2,13.347
10,100,1000,0.4,0.1,939.082,969.053,-1313.22,14.06
10,100,1000,0.4,0.1,941.08,951.07,-1333.45,14.02
10,100,1000,0.4,0.1,906.114,933.088,-1321.23,13.665
10,100,1000,0.4,0.1,912.108,914.106,-1334.6,13.428
10,100,1000,0.4,0.1,920.101,931.09,-1355.29,14.027
10,100,1000,0.4,0.1,887.133,902.118,-1285.56,14.178
10,100,1000,0.4,0.1,919.102,929.092,-1354.16,13.402
10,100,1000,0.4,0.1,751.266,963.059,-1261.49,13.538
10,100,1000,0.4,0.1,915.105,915.105,-1331.54,13.995
10,100,1000,0.4,0.1,915.105,931.09,-1353.31,13.924
10,100,1000,0.4,0.1,944.077,968.054,-1319.19,13.687
10,100,1000,0.4,0.1,907.113,900.12,-1291.71,14.195
10,100,1000,0.4,0.1,935.086,942.079,-1341.93,13.502
10,100,1000,0.4,0.1,899.121,904.116,-1315.7,13.607
10,100,1000,0.4,0.1,927.094,938.083,-1354.61,14.126
10,100,1000,0.4,0.1,931.09,953.068,-1345.87,13.97
10,100,1000,0.4,0.1,894.126,907.113,-1308.35,13.684
10,100,1000,0.4,0.1,928.093,944.077,-1354.13,13.903
10,100,1000,0.4,0.1,897.123,907.113,-1316.89,14.342
10,100,1000,0.4,0.1,928.093,940.081,-1354.52,13.407
10,100,1000,0.4,0.1,915.105,920.101,-1342.77,13.484
10,100,1000,0.4,0.1,889.131,901.119,-1289.62,13.966
10,100,1000,0.4,0.1,953.068,980.042,-1288.32,14.054
10,100,1000,0.4,0.1,925.096,915.105,-1294.34,13.424
10,100,1000,0.4,0.1,938.083,959.062,-1337.63,13.658
10,100,1000,0.4,0.1,938.083,952.069,-1342.2,13.688
10,100,1000,0.4,0.1,935.086,960.062,-1334.76,13.377
10,100,1000,0.4,0.1,924.097,938.083,-1356.4,14.285
10,100,1000,0.4,0.1,957.064,985.037,-1271.2,13.496
10,100,1000,0.4,0.1,903.117,911.109,-1331,14.032
10,100,1000,0.4,0.1,896.124,905.115,-1312.86,14.101
10,100,1000,0.4,0.1,916.104,949.072,-1317.63,13.698
10,100,1000,0.4,0.1,937.084,954.067,-1343.45,14.257
10,100,1000,0.4,0.1,919.102,934.087,-1355.32,14.175
10,100,1000,0.4,0.1,944.077,941.08,-1295.28,13.622
10,100,1000,0.4,0.1,919.102,926.095,-1350.53,13.999
10,100,1000,0.4,0.1,943.078,949.072,-1322.29,13.493
10,100,1000,0.4,0.1,931.09,944.077,-1352.28,14.059
10,100,1000,0.45,0.1,919.102,929.092,-1354.16,13.499
10,100,1000,0.45,0.1,915.105,915.105,-1331.54,14.183
10,100,1000,0.45,0.1,895.125,906.114,-1311.17,13.728
10,100,1000,0.45,0.1,941.08,959.062,-1334.95,13.671
10,100,1000,0.45,0.1,737.279,944.077,-1266.56,14.076
10,100,1000,0.45,0.1,931.09,936.085,-1343.35,14.071
10,100,1000,0.45,0.1,932.089,954.067,-1344.83,13.729
10,100,1000,0.45,0.1,923.098,938.083,-1356.24,13.797
10,100,1000,0.45,0.1,895.125,901.119,-1305.4,14.229
10,100,1000,0.45,0.1,895.125,900.12,-1303.48,14.444
10,100,1000,0.45,0.1,941.08,965.057,-1326.19,13.808
10,100,1000,0.45,0.1,930.091,929.092,-1327.43,13.956
10,100,1000,0.45,0.1,907.113,928.093,-1337.29,14.256
10,100,1000,0.45,0.1,931.09,942.079,-1351.5,13.706
10,100,1000,0.45,0.1,926.095,942.079,-1355.15,13.967
10,100,1000,0.45,0.1,738.278,939.082,-1270.87,13.979
10,100,1000,0.45,0.1,925.096,770.247,-1187.19,13.856
10,100,1000,0.45,0.1,908.112,931.09,-1335.38,14.249
10,100,1000,0.45,0.1,907.113,919.102,-1342.15,13.537
10,100,1000,0.45,0.1,742.274,948.073,-1270.6,14.31
10,100,1000,0.45,0.1,967.055,994.028,-1231.56,14.187
10,100,1000,0.45,0.1,927.094,938.083,-1354.61,14.314
10,100,1000,0.45,0.1,927.094,943.078,-1354.7,14.015
10,100,1000,0.45,0.1,960.062,975.047,-1278.59,14.255
10,100,1000,0.45,0.1,928.093,942.079,-1354.81,14.366
10,100,1000,0.45,0.1,926.095,945.076,-1352.32,13.779
10,100,1000,0.45,0.1,741.275,943.078,-1271.48,13.668
10,100,1000,0.45,0.1,754.263,947.074,-1247.15,14.782
10,100,1000,0.45,0.1,915.105,919.102,-1340.33,14.026
10,100,1000,0.45,0.1,725.291,923.098,-1257.05,13.779
10,100,1000,0.45,0.1,929.092,943.078,-1354.1,14.558
10,100,1000,0.45,0.1,905.115,905.115,-1317,13.633
10,100,1000,0.45,0.1,917.104,929.092,-1354.35,13.996
10,100,1000,0.45,0.1,961.061,955.066,-1227.32,14.334
10,100,1000,0.45,0.1,741.275,942.079,-1271.44,13.565
10,100,1000,0.45,0.1,927.094,943.078,-1354.7,13.951
10,100,1000,0.45,0.1,912.108,935.086,-1341.46,13.869
10,100,1000,0.45,0.1,945.076,976.046,-1296.2,14.375
10,100,1000,0.45,0.1,913.107,939.082,-1335.38,14.012
10,100,1000,0.45,0.1,577.436,952.069,-1197.98,13.681
10,100,1000,0.45,0.1,923.098,929.092,-1349.65,14.259
10,100,1000,0.45,0.1,915.105,920.101,-1342.77,14.595
10,100,1000,0.45,0.1,899.121,912.108,-1324.02,14.207
10,100,1000,0.45,0.1,914.106,920.101,-1344.06,14.098
10,100,1000,0.45,0.1,939.082,954.067,-1340.35,14.01
10,100,1000,0.45,0.1,906.114,925.096,-1338.14,13.921
10,100,1000,0.45,0.1,909.111,920.101,-1344.9,13.945
10,100,1000,0.45,0.1,943.078,960.062,-1330.97,13.89
10,100,1000,0.45,0.1,916.104,929.092,-1354.17,13.778
10,100,1000,0.45,0.1,919.102,931.09,-1355.36,14.252
10,100,1000,0.5,0.1,895.125,920.101,-1297.12,14.026
10,100,1000,0.5,0.1,935.086,939.082,-1336.02,14.402
10,100,1000,0.5,0.1,900.12,908.112,-1323.46,14.013
10,100,1000,0.5,0.1,585.428,964.058,-1197.39,13.961
10,100,1000,0.5,0.1,929.092,935.086,-1347.14,14.257
10,100,1000,0.5,0.1,929.092,942.079,-1354.07,13.899
10,100,1000,0.5,0.1,914.106,905.115,-1290.97,14.029
10,100,1000,0.5,0.1,915.105,923.098,-1348.6,14.24
10,100,1000,0.5,0.1,729.287,912.108,-1239.16,13.832
10,100,1000,0.5,0.1,929.092,930.091,-1334.89,14.221
10,100,1000,0.5,0.1,916.104,939.082,-1345.53,14.255
10,100,1000,0.5,0.1,923.098,939.082,-1355.76,13.763
10,100,1000,0.5,0.1,728.288,922.099,-1259.25,14.543
10,100,1000,0.5,0.1,935.086,960.062,-1334.76,14.12
10,100,1000,0.5,0.1,925.096,927.094,-1340.02,13.897
10,100,1000,0.5,0.1,927.094,935.086,-1351.66,14.327
10,100,1000,0.5,0.1,895.125,884.136,-1244.57,14.519
10,100,1000,0.5,0.1,915.105,919.102,-1340.33,14.256
10,100,1000,0.5,0.1,907.113,930.091,-1333.55,13.948
10,100,1000,0.5,0.1,767.25,978.044,-1231.77,14.594
10,100,1000,0.5,0.1,907.113,921.1,-1342.78,13.904
10,100,1000,0.5,0.1,742.274,944.077,-1271.45,14.53
10,100,1000,0.5,0.1,913.107,925.096,-1350.98,13.951
10,100,1000,0.5,0.1,927.094,934.087,-1350.19,14.153
10,100,1000,0.5,0.1,915.105,930.091,-1353.58,14.365
10,100,1000,0.5,0.1,940.081,960.062,-1335.08,14.277
10,100,1000,0.5,0.1,743.273,948.073,-1271,14.517
10,100,1000,0.5,0.1,930.091,962.06,-1317.8,13.91
10,100,1000,0.5,0.1,916.104,920.101,-1341.1,13.85
10,100,1000,0.5,0.1,939.082,979.043,-1272.77,14.164
10,100,1000,0.5,0.1,909.111,925.096,-1345.9,14.027
10,100,1000,0.5,0.1,919.102,929.092,-1354.16,14.042
10,100,1000,0.5,0.1,943.078,960.062,-1330.97,14.556
10,100,1000,0.5,0.1,943.078,971.051,-1311.26,14.189
10,100,1000,0.5,0.1,735.281,936.085,-1269.81,14.548
10,100,1000,0.5,0.1,931.09,928.093,-1318.88,14.422
10,100,1000,0.5,0.1,905.115,924.097,-1336.08,14.042
10,100,1000,0.5,0.1,955.066,941.08,-1212.28,13.794
10,100,1000,0.5,0.1,911.109,918.103,-1342.57,14.476
10,100,1000,0.5,0.1,926.095,943.078,-1354.45,14.417
10,100,1000,0.5,0.1,939.082,959.062,-1337.09,14.26
10,100,1000,0.5,0.1,961.061,969.053,-1270.23,14.244
10,100,1000,0.5,0.1,930.091,942.079,-1352.97,14.487
10,100,1000,0.5,0.1,904.116,919.102,-1336.61,14.554
10,100,1000,0.5,0.1,558.454,909.111,-1163.14,13.854
10,100,1000,0.5,0.1,733.283,951.07,-1243.5,13.957
10,100,1000,0.5,0.1,895.125,890.13,-1270.48,14.25
10,100,1000,0.5,0.1,733.283,928.093,-1264.94,14.525
10,100,1000,0.5,0.1,735.281,933.088,-1268.71,14.073
10,100,1000,0.5,0.1,893.127,927.094,-1256.61,14.082
10,100,1000,0.55,0.1,907.113,947.074,-1264.5,14.589
10,100,1000,0.55,0.1,915.105,908.112,-1302.4,14.323
10,100,1000,0.55,0.1,877.143,900.12,-1228.54,14.028
10,100,1000,0.55,0.1,739.277,910.11,-1188.11,14.444
10,100,1000,0.55,0.1,943.078,970.052,-1314.19,14.592
10,100,1000,0.55,0.1,577.436,942.079,-1194.46,14.418
10,100,1000,0.55,0.1,914.106,905.115,-1290.97,14.31
10,100,1000,0.55,0.1,935.086,952.069,-1346.67,14.296
10,100,1000,0.55,0.1,729.287,912.108,-1239.16,14.292
10,100,1000,0.55,0.1,592.421,972.05,-1191.75,14.014
10,100,1000,0.55,0.1,735.281,912.108,-1216.26,14.623
10,100,1000,0.55,0.1,923.098,939.082,-1355.76,14.038
10,100,1000,0.55,0.1,897.123,910.11,-1318.11,14.353
10,100,1000,0.55,0.1,935.086,960.062,-1334.76,14.247
10,100,1000,0.55,0.1,959.062,988.034,-1260.42,14.176
10,100,1000,0.55,0.1,927.094,935.086,-1351.66,14.435
10,100,1000,0.55,0.1,895.125,898.122,-1298.9,14.043
10,100,1000,0.55,0.1,900.12,916.104,-1325.81,14.319
10,100,1000,0.55,0.1,910.11,919.102,-1344.3,14.416
10,100,1000,0.55,0.1,718.298,902.118,-1226.8,14.381
10,100,1000,0.55,0.1,907.113,917.104,-1341.46,14.122
10,100,1000,0.55,0.1,968.054,995.027,-1226.82,14.198
10,100,1000,0.55,0.1,913.107,925.096,-1350.98,14.54
10,100,1000,0.55,0.1,932.089,935.086,-1337.59,14.428
10,100,1000,0.55,0.1,913.107,925.096,-1350.98,14.087
10,100,1000,0.55,0.1,909.111,919.102,-1343.96,14.301
10,100,1000,0.55,0.1,743.273,948.073,-1271,14.729
10,100,1000,0.55,0.1,930.091,962.06,-1317.8,14.215
10,100,1000,0.55,0.1,912.108,912.108,-1328.49,13.902
10,100,1000,0.55,0.1,939.082,979.043,-1272.77,14.194
10,100,1000,0.55,0.1,944.077,970.052,-1314.46,14.565
10,100,1000,0.55,0.1,739.277,932.089,-1264.68,14.284
10,100,1000,0.55,0.1,906.114,896.124,-1273.6,14.654
10,100,1000,0.55,0.1,934.087,927.094,-1297.19,14.302
10,100,1000,0.55,0.1,735.281,936.085,-1269.81,14.307
10,100,1000,0.55,0.1,931.09,928.093,-1318.88,14.189
10,100,1000,0.55,0.1,905.115,924.097,-1336.08,14.718
10,100,1000,0.55,0.1,751.266,932.089,-1212.9,14.225
10,100,1000,0.55,0.1,911.109,918.103,-1342.57,14.496
10,100,1000,0.55,0.1,926.095,943.078,-1354.45,14.788
10,100,1000,0.55,0.1,936.085,936.085,-1323.16,14.123
10,100,1000,0.55,0.1,961.061,969.053,-1270.23,14.051
10,100,1000,0.55,0.1,930.091,942.079,-1352.97,14.627
10,100,1000,0.55,0.1,904.116,919.102,-1336.61,14.564
10,100,1000,0.55,0.1,960.062,792.226,-1104.76,13.912
10,100,1000,0.55,0.1,733.283,951.07,-1243.5,14.562
10,100,1000,0.55,0.1,895.125,890.13,-1270.48,14.839
10,100,1000,0.55,0.1,881.139,892.128,-1257.92,13.852
10,100,1000,0.55,0.1,575.438,943.078,-1196.6,14.2
10,100,1000,0.55,0.1,739.277,937.084,-1270.21,14.437
10,100,1000,0.6,0.1,732.284,943.078,-1256.92,14.737
10,100,1000,0.6,0.1,922.099,935.086,-1356.45,14.541
10,100,1000,0.6,0.1,601.412,998.024,-1169.73,14.258
10,100,1000,0.6,0.1,930.091,937.084,-1348.01,14.926
10,100,1000,0.6,0.1,583.43,952.069,-1193.74,14.575
10,100,1000,0.6,0.1,915.105,915.105,-1331.54,14.314
10,100,1000,0.6,0.1,906.114,941.08,-1289.46,14.521
10,100,1000,0.6,0.1,569.443,931.09,-1189.18,14.859
10,100,1000,0.6,0.1,576.437,943.078,-1196.29,14.659
10,100,1000,0.6,0.1,913.107,932.089,-1349.07,14.505
10,100,1000,0.6,0.1,723.293,913.107,-1247.96,14.383
10,100,1000,0.6,0.1,763.254,965.057,-1238.69,14.351
10,100,1000,0.6,0.1,912.108,929.092,-1349.65,14.36
10,100,1000,0.6,0.1,890.13,908.112,-1290.62,14.148
10,100,1000,0.6,0.1,768.249,964.058,-1216.58,14.806
10,100,1000,0.6,0.1,736.28,934.087,-1269.11,14.993
10,100,1000,0.6,0.1,909.111,920.101,-1344.9,14.517
10,100,1000,0.6,0.1,739.277,929.092,-1259.01,14.326
10,100,1000,0.6,0.1,921.1,944.077,-1345.44,14.596
10,100,1000,0.6,0.1,911.109,914.106,-1336.01,14.463
10,100,1000,0.6,0.1,744.272,951.07,-1269.86,14.249
10,100,1000,0.6,0.1,895.125,915.105,-1305.84,14.222
10,100,1000,0.6,0.1,764.253,984.038,-1230.91,14.85
10,100,1000,0.6,0.1,929.092,913.107,-1255.09,14.777
10,100,1000,0.6,0.1,726.29,900.12,-1201.98,14.261
10,100,1000,0.6,0.1,895.125,895.125,-1290.13,14.439
10,100,1000,0.6,0.1,921.1,935.086,-1356.28,14.889
10,100,1000,0.6,0.1,581.432,951.07,-1196.45,14.599
10,100,1000,0.6,0.1,905.115,920.101,-1338.77,14.117
10,100,1000,0.6,0.1,896.124,905.115,-1312.86,14.895
10,100,1000,0.6,0.1,908.112,886.134,-1199.47,14.971
10,100,1000,0.6,0.1,558.454,919.102,-1168.13,14.602
10,100,1000,0.6,0.1,911.109,927.094,-1348.88,14.385
10,100,1000,0.6,0.1,929.092,943.078,-1354.1,14.433
10,100,1000,0.6,0.1,927.094,929.092,-1339.17,14.528
10,100,1000,0.6,0.1,885.135,883.137,-1248.74,14.112
10,100,1000,0.6,0.1,914.106,926.095,-1352.01,14.96
10,100,1000,0.6,0.1,768.249,993.029,-1210.55,14.146
10,100,1000,0.6,0.1,940.081,943.078,-1324.47,14.262
10,100,1000,0.6,0.1,948.073,969.053,-1314.95,14.616
10,100,1000,0.6,0.1,772.245,975.047,-1214.76,14.986
10,100,1000,0.6,0.1,922.099,944.077,-1347.8,14.606
10,100,1000,0.6,0.1,924.097,936.085,-1356.14,14.27
10,100,1000,0.6,0.1,928.093,955.066,-1336.55,14.269
10,100,1000,0.6,0.1,769.248,992.03,-1213.35,14.802
10,100,1000,0.6,0.1,909.111,920.101,-1344.9,13.98
10,100,1000,0.6,0.1,908.112,932.089,-1333.15,14.487
10,100,1000,0.6,0.1,738.278,928.093,-1259.24,14.299
10,100,1000,0.6,0.1,727.289,915.105,-1250.3,14.301
10,100,1000,0.6,0.1,904.116,962.06,-1128.02,14.972
