10,100,1000,0.6,0.1,946.075,975.047,-1300.51,14.434
10,100,1000,0.6,0.1,929.092,938.083,-1351.57,14.92
10,100,1000,0.6,0.1,922.099,936.085,-1356.44,14.252
10,100,1000,0.6,0.1,549.463,871.148,-1061.14,14.817
10,100,1000,0.6,0.1,898.122,912.108,-1321.04,14.2
10,100,1000,0.6,0.1,930.091,921.1,-1291.34,14.544
10,100,1000,0.6,0.1,948.073,960.062,-1320.48,14.521
10,100,1000,0.6,0.1,930.091,937.084,-1348.01,14.507
10,100,1000,0.6,0.1,884.136,895.125,-1271.73,14.198
10,100,1000,0.6,0.1,929.092,955.066,-1338.71,14.815
10,100,1000,0.6,0.1,756.261,938.083,-1204.23,14.905
10,100,1000,0.6,0.1,593.42,969.053,-1188.2,14.531
10,100,1000,0.6,0.1,915.105,928.093,-1353.38,14.5
10,100,1000,0.6,0.1,895.125,914.106,-1307.42,14.661
10,100,1000,0.6,0.1,930.091,972.05,-1266.81,14.758
10,100,1000,0.6,0.1,703.312,900.12,-1188.96,14.838
10,100,1000,0.6,0.1,940.081,793.225,-1133.79,14.304
10,100,1000,0.6,0.1,740.276,959.062,-1245.65,14.438
10,100,1000,0.6,0.1,915.105,930.091,-1353.58,14.679
10,100,1000,0.6,0.1,733.283,916.104,-1240.43,14.929
10,100,1000,0.6,0.1,562.45,921.1,-1177.27,14.451
10,100,1000,0.6,0.1,899.121,893.127,-1278.01,14.187
10,100,1000,0.6,0.1,913.107,934.087,-1346.34,14.7
10,100,1000,0.6,0.1,770.247,1000.02,-1190.48,14.846
10,100,1000,0.6,0.1,896.124,913.107,-1313.11,14.668
10,100,1000,0.6,0.1,929.092,779.238,-1171.23,14.297
10,100,1000,0.6,0.1,709.307,894.126,-1203.94,14.41
10,100,1000,0.6,0.1,767.25,996.026,-1201.51,14.724
10,100,1000,0.6,0.1,559.453,914.106,-1169.18,14.84
10,100,1000,0.6,0.1,914.106,933.088,-1350.13,14.624
10,100,1000,0.6,0.1,702.313,914.106,-1149.63,14.193
10,100,1000,0.6,0.1,906.114,931.09,-1326.88,14.565
10,100,1000,0.6,0.1,917.104,944.077,-1336.16,14.881
10,100,1000,0.6,0.1,911.109,923.098,-1348.53,14.937
10,100,1000,0.6,0.1,930.091,961.061,-1321.72,14.158
10,100,1000,0.6,0.1,961.061,975.047,-1274.52,14.649
10,100,1000,0.6,0.1,922.099,922.099,-1334.24,14.784
10,100,1000,0.6,0.1,745.271,944.077,-1269.18,14.653
10,100,1000,0.6,0.1,940.081,960.062,-1335.08,14.09
10,100,1000,0.6,0.1,886.134,895.125,-1278.37,14.863
10,100,1000,0.6,0.1,895.125,923.098,-1288.07,14.809
10,100,1000,0.6,0.1,953.068,959.062,-1297.69,14.497
10,100,1000,0.6,0.1,741.275,927.094,-1247.44,14.99
10,100,1000,0.6,0.1,900.12,922.099,-1319.28,15.078
10,100,1000,0.6,0.1,927.094,933.088,-1348.47,14.528
10,100,1000,0.6,0.1,926.095,944.077,-1353.5,14.266
10,100,1000,0.6,0.1,925.096,939.082,-1356.19,14.461
10,100,1000,0.6,0.1,929.092,963.059,-1310.03,14.784
10,100,1000,0.6,0.1,912.108,920.101,-1345.53,14.411
10,100,1000,0.6,0.1,719.297,915.105,-1243.46,14.493
10,100,2000,0.6,0.1,918.103,935.086,-1353.54,29.532
10,100,2000,0.6,0.1,931.09,948.073,-1351.66,28.972
10,100,2000,0.6,0.1,916.104,929.092,-1354.17,29.247
10,100,2000,0.6,0.1,915.105,923.098,-1348.6,29.345
10,100,2000,0.6,0.1,928.093,944.077,-1354.13,28.722
10,100,2000,0.6,0.1,915.105,926.095,-1352.21,29.523
10,100,2000,0.6,0.1,923.098,934.087,-1355.75,29.1
10,100,2000,0.6,0.1,925.096,940.081,-1355.95,29.675
10,100,2000,0.6,0.1,922.099,934.087,-1356.2,29.244
10,100,2000,0.6,0.1,915.105,926.095,-1352.21,29.498
10,100,2000,0.6,0.1,914.106,930.091,-1352.39,29.896
10,100,2000,0.6,0.1,926.095,939.082,-1355.84,28.874
10,100,2000,0.6,0.1,923.098,940.081,-1355.04,28.558
10,100,2000,0.6,0.1,914.106,933.088,-1350.13,29.28
10,100,2000,0.6,0.1,935.086,957.064,-1340.97,28.998
10,100,2000,0.6,0.1,923.098,936.085,-1356.48,29.61
10,100,2000,0.6,0.1,921.1,934.087,-1356.29,28.889
10,100,2000,0.6,0.1,739.277,950.071,-1263.82,28.973
10,100,2000,0.6,0.1,906.114,920.101,-1340.87,28.526
10,100,2000,0.6,0.1,922.099,931.09,-1354.02,30.083
10,100,2000,0.6,0.1,914.106,926.095,-1352.01,28.973
10,100,2000,0.6,0.1,919.102,932.089,-1355.59,29.395
10,100,2000,0.6,0.1,912.108,926.095,-1350.49,29.522
10,100,2000,0.6,0.1,928.093,940.081,-1354.52,29.476
10,100,2000,0.6,0.1,913.107,922.099,-1348.12,28.381
10,100,2000,0.6,0.1,906.114,919.102,-1340.68,29.786
10,100,2000,0.6,0.1,940.081,962.06,-1332.15,29.622
10,100,2000,0.6,0.1,925.096,932.089,-1351.02,29.027
10,100,2000,0.6,0.1,915.105,924.097,-1350.05,28.758
10,100,2000,0.6,0.1,918.103,929.092,-1354.35,29.36
10,100,2000,0.6,0.1,928.093,945.076,-1353.43,29.103
10,100,2000,0.6,0.1,928.093,943.078,-1354.59,29.332
10,100,2000,0.6,0.1,918.103,924.097,-1348.31,29.992
10,100,2000,0.6,0.1,928.093,945.076,-1353.43,29.159
10,100,2000,0.6,0.1,914.106,923.098,-1349.15,29.547
10,100,2000,0.6,0.1,910.11,925.096,-1347.74,29.78
10,100,2000,0.6,0.1,917.104,921.1,-1341.74,29.587
10,100,2000,0.6,0.1,906.114,920.101,-1340.87,29.43
10,100,2000,0.6,0.1,916.104,924.097,-1349.37,30.347
10,100,2000,0.6,0.1,905.115,914.106,-1336.6,28.82
10,100,2000,0.6,0.1,748.269,952.069,-1268.57,29.125
10,100,2000,0.6,0.1,893.127,911.109,-1301.85,28.863
10,100,2000,0.6,0.1,927.094,943.078,-1354.7,29.021
10,100,2000,0.6,0.1,909.111,922.099,-1346.04,29.51
10,100,2000,0.6,0.1,915.105,926.095,-1352.21,28.986
10,100,2000,0.6,0.1,918.103,937.084,-1351.33,27.996
10,100,2000,0.6,0.1,933.088,943.078,-1348.45,29.245
10,100,2000,0.6,0.1,902.118,910.11,-1328.61,28.846
10,100,2000,0.6,0.1,927.094,944.077,-1354,29.762
10,100,2000,0.6,0.1,920.101,937.084,-1354.52,29.156
10,100,3000,0.6,0.1,921.1,936.085,-1356.03,43.198
10,100,3000,0.6,0.1,929.092,944.077,-1353.88,44.031
10,100,3000,0.6,0.1,922.099,938.083,-1355.72,43.422
10,100,3000,0.6,0.1,920.101,932.089,-1355.77,42.916
10,100,3000,0.6,0.1,941.08,966.056,-1323.93,43.871
10,100,3000,0.6,0.1,914.106,926.095,-1352.01,44.278
10,100,3000,0.6,0.1,923.098,935.086,-1356.24,43.442
10,100,3000,0.6,0.1,928.093,941.08,-1354.79,43.857
10,100,3000,0.6,0.1,923.098,934.087,-1355.75,43.345
10,100,3000,0.6,0.1,916.104,930.091,-1354.39,43.386
10,100,3000,0.6,0.1,914.106,929.092,-1352.66,43.708
10,100,3000,0.6,0.1,927.094,942.079,-1355.17,43.837
10,100,3000,0.6,0.1,929.092,944.077,-1353.88,43.257
10,100,3000,0.6,0.1,918.103,931.09,-1355.05,43.15
10,100,3000,0.6,0.1,927.094,943.078,-1354.7,43.838
10,100,3000,0.6,0.1,923.098,935.086,-1356.24,43.364
10,100,3000,0.6,0.1,922.099,935.086,-1356.45,43.558
10,100,3000,0.6,0.1,927.094,941.08,-1355.39,43.925
10,100,3000,0.6,0.1,915.105,926.095,-1352.21,43.687
10,100,3000,0.6,0.1,927.094,943.078,-1354.7,42.876
10,100,3000,0.6,0.1,935.086,953.068,-1346,43.121
10,100,3000,0.6,0.1,925.096,958.063,-1316.06,43.667
10,100,3000,0.6,0.1,915.105,924.097,-1350.05,43.784
10,100,3000,0.6,0.1,922.099,935.086,-1356.45,43.117
10,100,3000,0.6,0.1,929.092,943.078,-1354.1,44.163
10,100,3000,0.6,0.1,916.104,929.092,-1354.17,44.18
10,100,3000,0.6,0.1,916.104,926.095,-1352.02,43.517
10,100,3000,0.6,0.1,902.118,910.11,-1328.61,43.687
10,100,3000,0.6,0.1,917.104,931.09,-1355.05,44.154
10,100,3000,0.6,0.1,929.092,939.082,-1352.56,43.631
10,100,3000,0.6,0.1,928.093,947.074,-1351.32,43.413
10,100,3000,0.6,0.1,927.094,941.08,-1355.39,43.781
10,100,3000,0.6,0.1,908.112,920.101,-1343.93,43.786
10,100,3000,0.6,0.1,916.104,926.095,-1352.02,43.541
10,100,3000,0.6,0.1,921.1,935.086,-1356.28,44.02
10,100,3000,0.6,0.1,927.094,936.085,-1352.89,43.762
10,100,3000,0.6,0.1,913.107,925.096,-1350.98,43.36
10,100,3000,0.6,0.1,920.101,932.089,-1355.77,43.505
10,100,3000,0.6,0.1,922.099,935.086,-1356.45,43.335
10,100,3000,0.6,0.1,923.098,935.086,-1356.24,43.109
10,100,3000,0.6,0.1,922.099,934.087,-1356.2,43.373
10,100,3000,0.6,0.1,923.098,936.085,-1356.48,43.288
10,100,3000,0.6,0.1,926.095,940.081,-1355.85,43.432
10,100,3000,0.6,0.1,916.104,925.096,-1350.82,43.887
10,100,3000,0.6,0.1,922.099,934.087,-1356.2,43.601
10,100,3000,0.6,0.1,927.094,940.081,-1355.37,44.017
10,100,3000,0.6,0.1,926.095,938.083,-1355.58,43.452
10,100,3000,0.6,0.1,930.091,948.073,-1351.92,43.92
10,100,3000,0.6,0.1,915.105,926.095,-1352.21,43.426
10,100,3000,0.6,0.1,916.104,928.093,-1353.7,43.768
10,100,4000,0.6,0.1,929.092,944.077,-1353.88,58.043
10,100,4000,0.6,0.1,929.092,945.076,-1353.43,58.607
10,100,4000,0.6,0.1,925.096,940.081,-1355.95,58.352
10,100,4000,0.6,0.1,933.088,945.076,-1349.73,58.187
10,100,4000,0.6,0.1,928.093,940.081,-1354.52,57.334
10,100,4000,0.6,0.1,923.098,937.084,-1356.48,58.344
10,100,4000,0.6,0.1,916.104,929.092,-1354.17,57.614
10,100,4000,0.6,0.1,926.095,936.085,-1354.35,58.345
10,100,4000,0.6,0.1,922.099,936.085,-1356.44,57.604
10,100,4000,0.6,0.1,916.104,934.087,-1352.86,58.818
10,100,4000,0.6,0.1,915.105,926.095,-1352.21,58.502
10,100,4000,0.6,0.1,923.098,937.084,-1356.48,59.042
10,100,4000,0.6,0.1,921.1,934.087,-1356.29,57.794
10,100,4000,0.6,0.1,931.09,947.074,-1351.66,58.222
10,100,4000,0.6,0.1,917.104,930.091,-1354.82,58.271
10,100,4000,0.6,0.1,927.094,941.08,-1355.39,58.356
10,100,4000,0.6,0.1,923.098,935.086,-1356.24,59.487
10,100,4000,0.6,0.1,918.103,931.09,-1355.05,57.665
10,100,4000,0.6,0.1,921.1,934.087,-1356.29,58.312
10,100,4000,0.6,0.1,926.095,941.08,-1355.62,58.042
10,100,4000,0.6,0.1,925.096,937.084,-1355.92,57.908
10,100,4000,0.6,0.1,897.123,913.107,-1317.1,58.454
10,100,4000,0.6,0.1,915.105,924.097,-1350.05,58.111
10,100,4000,0.6,0.1,923.098,935.086,-1356.24,58.947
10,100,4000,0.6,0.1,959.062,978.044,-1280.94,58.15
10,100,4000,0.6,0.1,922.099,937.084,-1356.2,58.434
10,100,4000,0.6,0.1,920.101,934.087,-1355.99,58.24
10,100,4000,0.6,0.1,927.094,941.08,-1355.39,58.964
10,100,4000,0.6,0.1,927.094,943.078,-1354.7,57.895
10,100,4000,0.6,0.1,923.098,939.082,-1355.76,58.381
10,100,4000,0.6,0.1,923.098,936.085,-1356.48,57.832
10,100,4000,0.6,0.1,928.093,944.077,-1354.13,58.508
10,100,4000,0.6,0.1,922.099,937.084,-1356.2,57.467
10,100,4000,0.6,0.1,928.093,943.078,-1354.59,58.122
10,100,4000,0.6,0.1,921.1,934.087,-1356.29,57.542
10,100,4000,0.6,0.1,924.097,938.083,-1356.4,58.274
10,100,4000,0.6,0.1,922.099,937.084,-1356.2,57.711
10,100,4000,0.6,0.1,930.091,947.074,-1351.92,58.85
10,100,4000,0.6,0.1,920.101,932.089,-1355.77,58.438
10,100,4000,0.6,0.1,915.105,926.095,-1352.21,58.589
10,100,4000,0.6,0.1,929.092,946.075,-1352.73,58.24
10,100,4000,0.6,0.1,920.101,934.087,-1355.99,58.187
10,100,4000,0.6,0.1,918.103,931.09,-1355.05,57.64
10,100,4000,0.6,0.1,924.097,936.085,-1356.14,58.666
10,100,4000,0.6,0.1,916.104,931.09,-1354.37,59.216
10,100,4000,0.6,0.1,923.098,936.085,-1356.48,57.259
10,100,4000,0.6,0.1,923.098,935.086,-1356.24,58.667
10,100,4000,0.6,0.1,922.099,935.086,-1356.45,58.025
10,100,4000,0.6,0.1,923.098,937.084,-1356.48,58.479
10,100,4000,0.6,0.1,924.097,935.086,-1355.65,57.735
10,100,5000,0.6,0.1,923.098,936.085,-1356.48,72.8
10,100,5000,0.6,0.1,918.103,932.089,-1355.04,72.323
10,100,5000,0.6,0.1,920.101,934.087,-1355.99,73.056
10,100,5000,0.6,0.1,924.097,939.082,-1356.16,72.744
10,100,5000,0.6,0.1,919.102,933.088,-1355.58,71.688
10,100,5000,0.6,0.1,921.1,934.087,-1356.29,72.943
10,100,5000,0.6,0.1,921.1,933.088,-1356.05,72.342
10,100,5000,0.6,0.1,916.104,926.095,-1352.02,71.972
10,100,5000,0.6,0.1,915.105,926.095,-1352.21,72.9
10,100,5000,0.6,0.1,925.096,939.082,-1356.19,72.496
10,100,5000,0.6,0.1,919.102,933.088,-1355.58,72.652
10,100,5000,0.6,0.1,928.093,939.082,-1354.02,72.3
10,100,5000,0.6,0.1,926.095,929.092,-1342.35,72.488
10,100,5000,0.6,0.1,928.093,937.084,-1352.29,72.616
10,100,5000,0.6,0.1,927.094,943.078,-1354.7,72.402
10,100,5000,0.6,0.1,929.092,943.078,-1354.1,73.289
10,100,5000,0.6,0.1,923.098,936.085,-1356.48,73.695
10,100,5000,0.6,0.1,921.1,934.087,-1356.29,72.248
10,100,5000,0.6,0.1,922.099,937.084,-1356.2,73.169
10,100,5000,0.6,0.1,927.094,941.08,-1355.39,72.698
10,100,5000,0.6,0.1,923.098,936.085,-1356.48,71.786
10,100,5000,0.6,0.1,920.101,932.089,-1355.77,72.635
10,100,5000,0.6,0.1,927.094,940.081,-1355.37,72.424
10,100,5000,0.6,0.1,929.092,942.079,-1354.07,72.974
10,100,5000,0.6,0.1,927.094,941.08,-1355.39,72.949
10,100,5000,0.6,0.1,927.094,940.081,-1355.37,72.972
10,100,5000,0.6,0.1,924.097,939.082,-1356.16,73.001
10,100,5000,0.6,0.1,923.098,935.086,-1356.24,72.563
10,100,5000,0.6,0.1,921.1,936.085,-1356.03,72.764
10,100,5000,0.6,0.1,921.1,935.086,-1356.28,72.675
10,100,5000,0.6,0.1,917.104,931.09,-1355.05,72.855
10,100,5000,0.6,0.1,917.104,931.09,-1355.05,73.369
10,100,5000,0.6,0.1,922.099,936.085,-1356.44,73.159
10,100,5000,0.6,0.1,923.098,936.085,-1356.48,74.027
10,100,5000,0.6,0.1,921.1,934.087,-1356.29,73.514
10,100,5000,0.6,0.1,923.098,936.085,-1356.48,72.915
10,100,5000,0.6,0.1,922.099,936.085,-1356.44,73.666
10,100,5000,0.6,0.1,927.094,940.081,-1355.37,72.951
10,100,5000,0.6,0.1,925.096,939.082,-1356.19,73.21
10,100,5000,0.6,0.1,923.098,937.084,-1356.48,74.02
10,100,5000,0.6,0.1,927.094,941.08,-1355.39,73.873
10,100,5000,0.6,0.1,923.098,937.084,-1356.48,74.178
10,100,5000,0.6,0.1,923.098,936.085,-1356.48,73.034
10,100,5000,0.6,0.1,923.098,936.085,-1356.48,73.133
10,100,5000,0.6,0.1,928.093,944.077,-1354.13,72.965
10,100,5000,0.6,0.1,924.097,938.083,-1356.4,73.206
10,100,5000,0.6,0.1,920.101,933.088,-1356,73.603
10,100,5000,0.6,0.1,927.094,941.08,-1355.39,73.198
10,100,5000,0.6,0.1,927.094,943.078,-1354.7,72.841
10,100,5000,0.6,0.1,927.094,938.083,-1354.61,72.729
10,100,6000,0.6,0.1,923.098,937.084,-1356.48,88.463
10,100,6000,0.6,0.1,924.097,939.082,-1356.16,89.44
10,100,6000,0.6,0.1,919.102,934.087,-1355.32,89.72
10,100,6000,0.6,0.1,922.099,934.087,-1356.2,89.485
10,100,6000,0.6,0.1,917.104,931.09,-1355.05,87.379
10,100,6000,0.6,0.1,920.101,934.087,-1355.99,88.528
10,100,6000,0.6,0.1,923.098,936.085,-1356.48,88.912
10,100,6000,0.6,0.1,927.094,944.077,-1354,88.715
10,100,6000,0.6,0.1,922.099,935.086,-1356.45,87.017
10,100,6000,0.6,0.1,927.094,943.078,-1354.7,87.929
10,100,6000,0.6,0.1,922.099,934.087,-1356.2,88.985
10,100,6000,0.6,0.1,913.107,926.095,-1351.44,86.762
10,100,6000,0.6,0.1,922.099,935.086,-1356.45,87.671
10,100,6000,0.6,0.1,931.09,942.079,-1351.5,89.094
10,100,6000,0.6,0.1,928.093,942.079,-1354.81,88.833
10,100,6000,0.6,0.1,921.1,935.086,-1356.28,88.573
10,100,6000,0.6,0.1,923.098,936.085,-1356.48,88.945
10,100,6000,0.6,0.1,922.099,935.086,-1356.45,90.009
10,100,6000,0.6,0.1,929.092,939.082,-1352.56,88.968
10,100,6000,0.6,0.1,921.1,934.087,-1356.29,89.406
10,100,6000,0.6,0.1,917.104,931.09,-1355.05,88.147
10,100,6000,0.6,0.1,924.097,938.083,-1356.4,88.633
10,100,6000,0.6,0.1,922.099,934.087,-1356.2,89.113
10,100,6000,0.6,0.1,923.098,937.084,-1356.48,87.619
10,100,6000,0.6,0.1,922.099,935.086,-1356.45,89.12
10,100,6000,0.6,0.1,923.098,937.084,-1356.48,87.971
10,100,6000,0.6,0.1,927.094,943.078,-1354.7,88.809
10,100,6000,0.6,0.1,923.098,937.084,-1356.48,89.632
10,100,6000,0.6,0.1,922.099,935.086,-1356.45,88.902
10,100,6000,0.6,0.1,921.1,934.087,-1356.29,89.357
10,100,6000,0.6,0.1,927.094,943.078,-1354.7,88.449
10,100,6000,0.6,0.1,927.094,940.081,-1355.37,88.731
10,100,6000,0.6,0.1,924.097,939.082,-1356.16,88.215
10,100,6000,0.6,0.1,921.1,934.087,-1356.29,88.144
10,100,6000,0.6,0.1,922.099,936.085,-1356.44,87.964
10,100,6000,0.6,0.1,924.097,938.083,-1356.4,88.926
10,100,6000,0.6,0.1,921.1,935.086,-1356.28,89.018
10,100,6000,0.6,0.1,921.1,934.087,-1356.29,88.738
10,100,6000,0.6,0.1,917.104,931.09,-1355.05,88.497
10,100,6000,0.6,0.1,925.096,940.081,-1355.95,88.306
10,100,6000,0.6,0.1,923.098,936.085,-1356.48,89.939
10,100,6000,0.6,0.1,924.097,939.082,-1356.16,87.818
10,100,6000,0.6,0.1,924.097,938.083,-1356.4,88.681
10,100,6000,0.6,0.1,927.094,940.081,-1355.37,88.807
10,100,6000,0.6,0.1,927.094,940.081,-1355.37,88.354
10,100,6000,0.6,0.1,918.103,930.091,-1354.82,89.003
10,100,6000,0.6,0.1,923.098,937.084,-1356.48,88.584
10,100,6000,0.6,0.1,924.097,938.083,-1356.4,88.402
10,100,6000,0.6,0.1,923.098,937.084,-1356.48,88.081
10,100,6000,0.6,0.1,923.098,936.085,-1356.48,89.124
10,100,7000,0.6,0.1,921.1,934.087,-1356.29,102.531
10,100,7000,0.6,0.1,928.093,943.078,-1354.59,103.438
10,100,7000,0.6,0.1,923.098,937.084,-1356.48,102.52
10,100,7000,0.6,0.1,923.098,936.085,-1356.48,102.236
10,100,7000,0.6,0.1,923.098,938.083,-1356.24,102.822
10,100,7000,0.6,0.1,928.093,943.078,-1354.59,103.281
10,100,7000,0.6,0.1,929.092,943.078,-1354.1,102.537
10,100,7000,0.6,0.1,924.097,938.083,-1356.4,103.242
10,100,7000,0.6,0.1,922.099,935.086,-1356.45,103.459
10,100,7000,0.6,0.1,927.094,943.078,-1354.7,102.541
10,100,7000,0.6,0.1,922.099,935.086,-1356.45,103.346
10,100,7000,0.6,0.1,916.104,931.09,-1354.37,102.213
10,100,7000,0.6,0.1,923.098,936.085,-1356.48,102.789
10,100,7000,0.6,0.1,915.105,926.095,-1352.21,101.94
10,100,7000,0.6,0.1,921.1,934.087,-1356.29,102.754
10,100,7000,0.6,0.1,910.11,925.096,-1347.74,103.043
10,100,7000,0.6,0.1,923.098,938.083,-1356.24,102.983
10,100,7000,0.6,0.1,921.1,934.087,-1356.29,103.009
10,100,7000,0.6,0.1,923.098,936.085,-1356.48,102.598
10,100,7000,0.6,0.1,923.098,937.084,-1356.48,104.298
10,100,7000,0.6,0.1,929.092,941.08,-1353.81,102.853
10,100,7000,0.6,0.1,921.1,934.087,-1356.29,102.267
10,100,7000,0.6,0.1,920.101,933.088,-1356,102.597
10,100,7000,0.6,0.1,921.1,934.087,-1356.29,103.314
10,100,7000,0.6,0.1,923.098,936.085,-1356.48,103.146
10,100,7000,0.6,0.1,923.098,937.084,-1356.48,103.286
10,100,7000,0.6,0.1,923.098,936.085,-1356.48,102.585
10,100,7000,0.6,0.1,920.101,932.089,-1355.77,103.184
10,100,7000,0.6,0.1,920.101,933.088,-1356,102.537
10,100,7000,0.6,0.1,925.096,939.082,-1356.19,103.171
10,100,7000,0.6,0.1,923.098,936.085,-1356.48,102.729
10,100,7000,0.6,0.1,927.094,943.078,-1354.7,102.893
10,100,7000,0.6,0.1,925.096,940.081,-1355.95,102.192
10,100,7000,0.6,0.1,926.095,938.083,-1355.58,102.989
10,100,7000,0.6,0.1,923.098,937.084,-1356.48,104.099
10,100,7000,0.6,0.1,918.103,931.09,-1355.05,103.239
10,100,7000,0.6,0.1,923.098,936.085,-1356.48,103.034
10,100,7000,0.6,0.1,921.1,934.087,-1356.29,102.252
10,100,7000,0.6,0.1,925.096,943.078,-1353.82,102.15
10,100,7000,0.6,0.1,921.1,934.087,-1356.29,103.385
10,100,7000,0.6,0.1,923.098,937.084,-1356.48,103.671
10,100,7000,0.6,0.1,914.106,926.095,-1352.01,101.998
10,100,7000,0.6,0.1,925.096,940.081,-1355.95,102.928
10,100,7000,0.6,0.1,927.094,943.078,-1354.7,102.711
10,100,7000,0.6,0.1,920.101,933.088,-1356,103.017
10,100,7000,0.6,0.1,927.094,941.08,-1355.39,104.073
10,100,7000,0.6,0.1,925.096,939.082,-1356.19,103.02
10,100,7000,0.6,0.1,927.094,941.08,-1355.39,103.433
10,100,7000,0.6,0.1,923.098,937.084,-1356.48,103.375
10,100,7000,0.6,0.1,921.1,934.087,-1356.29,103.128
10,100,8000,0.6,0.1,921.1,934.087,-1356.29,115.854
10,100,8000,0.6,0.1,923.098,937.084,-1356.48,117.19
10,100,8000,0.6,0.1,921.1,934.087,-1356.29,117.641
10,100,8000,0.6,0.1,923.098,937.084,-1356.48,117.671
10,100,8000,0.6,0.1,918.103,932.089,-1355.04,116.743
10,100,8000,0.6,0.1,923.098,936.085,-1356.48,116.896
10,100,8000,0.6,0.1,920.101,933.088,-1356,115.518
10,100,8000,0.6,0.1,923.098,936.085,-1356.48,116.3
10,100,8000,0.6,0.1,922.099,935.086,-1356.45,116.905
10,100,8000,0.6,0.1,923.098,937.084,-1356.48,116.903
10,100,8000,0.6,0.1,923.098,936.085,-1356.48,116.76
10,100,8000,0.6,0.1,923.098,936.085,-1356.48,115.959
10,100,8000,0.6,0.1,927.094,943.078,-1354.7,117.715
10,100,8000,0.6,0.1,923.098,937.084,-1356.48,116.709
10,100,8000,0.6,0.1,922.099,935.086,-1356.45,116.323
10,100,8000,0.6,0.1,927.094,940.081,-1355.37,116.272
10,100,8000,0.6,0.1,927.094,941.08,-1355.39,115.817
10,100,8000,0.6,0.1,923.098,937.084,-1356.48,117.309
10,100,8000,0.6,0.1,923.098,936.085,-1356.48,116.919
10,100,8000,0.6,0.1,922.099,935.086,-1356.45,116.145
10,100,8000,0.6,0.1,921.1,934.087,-1356.29,116.653
10,100,8000,0.6,0.1,922.099,936.085,-1356.44,116.613
10,100,8000,0.6,0.1,922.099,935.086,-1356.45,116.872
10,100,8000,0.6,0.1,922.099,935.086,-1356.45,116.868
10,100,8000,0.6,0.1,930.091,945.076,-1353.06,115.784
10,100,8000,0.6,0.1,925.096,939.082,-1356.19,116.141
10,100,8000,0.6,0.1,923.098,936.085,-1356.48,116.093
10,100,8000,0.6,0.1,924.097,938.083,-1356.4,116.532
10,100,8000,0.6,0.1,922.099,935.086,-1356.45,116.898
10,100,8000,0.6,0.1,923.098,936.085,-1356.48,116.481
10,100,8000,0.6,0.1,922.099,937.084,-1356.2,116.877
10,100,8000,0.6,0.1,924.097,938.083,-1356.4,116.716
10,100,8000,0.6,0.1,927.094,942.079,-1355.17,117.17
10,100,8000,0.6,0.1,925.096,939.082,-1356.19,116.86
10,100,8000,0.6,0.1,922.099,937.084,-1356.2,116.461
10,100,8000,0.6,0.1,922.099,935.086,-1356.45,116.212
10,100,8000,0.6,0.1,925.096,938.083,-1356.18,115.595
10,100,8000,0.6,0.1,921.1,935.086,-1356.28,116.473
10,100,8000,0.6,0.1,925.096,938.083,-1356.18,116.459
10,100,8000,0.6,0.1,923.098,936.085,-1356.48,116.153
10,100,8000,0.6,0.1,922.099,935.086,-1356.45,116.974
10,100,8000,0.6,0.1,920.101,933.088,-1356,117.341
10,100,8000,0.6,0.1,921.1,934.087,-1356.29,117.284
10,100,8000,0.6,0.1,921.1,934.087,-1356.29,117.375
10,100,8000,0.6,0.1,922.099,935.086,-1356.45,117.711
10,100,8000,0.6,0.1,922.099,935.086,-1356.45,117.898
10,100,8000,0.6,0.1,923.098,937.084,-1356.48,116.519
10,100,8000,0.6,0.1,917.104,930.091,-1354.82,116.747
10,100,8000,0.6,0.1,927.094,941.08,-1355.39,116.374
10,100,8000,0.6,0.1,922.099,935.086,-1356.45,117.051
10,100,9000,0.6,0.1,927.094,943.078,-1354.7,130.05
10,100,9000,0.6,0.1,927.094,941.08,-1355.39,129.283
10,100,9000,0.6,0.1,930.091,947.074,-1351.92,131.408
10,100,9000,0.6,0.1,923.098,937.084,-1356.48,131.335
10,100,9000,0.6,0.1,922.099,935.086,-1356.45,130.561
10,100,9000,0.6,0.1,923.098,937.084,-1356.48,130.68
10,100,9000,0.6,0.1,921.1,933.088,-1356.05,131.568
10,100,9000,0.6,0.1,923.098,937.084,-1356.48,131.289
10,100,9000,0.6,0.1,921.1,935.086,-1356.28,130.608
10,100,9000,0.6,0.1,920.101,932.089,-1355.77,130.812
10,100,9000,0.6,0.1,923.098,937.084,-1356.48,131.695
10,100,9000,0.6,0.1,921.1,934.087,-1356.29,131.595
10,100,9000,0.6,0.1,922.099,936.085,-1356.44,130.724
10,100,9000,0.6,0.1,922.099,935.086,-1356.45,129.813
10,100,9000,0.6,0.1,923.098,937.084,-1356.48,130.097
10,100,9000,0.6,0.1,920.101,933.088,-1356,130.86
10,100,9000,0.6,0.1,922.099,935.086,-1356.45,130.449
10,100,9000,0.6,0.1,923.098,935.086,-1356.24,131.791
10,100,9000,0.6,0.1,922.099,935.086,-1356.45,130.101
10,100,9000,0.6,0.1,925.096,939.082,-1356.19,130.552
10,100,9000,0.6,0.1,923.098,937.084,-1356.48,130.411
10,100,9000,0.6,0.1,922.099,935.086,-1356.45,130.861
10,100,9000,0.6,0.1,927.094,940.081,-1355.37,131.071
10,100,9000,0.6,0.1,924.097,938.083,-1356.4,130.056
10,100,9000,0.6,0.1,923.098,936.085,-1356.48,130.56
10,100,9000,0.6,0.1,923.098,936.085,-1356.48,130.898
10,100,9000,0.6,0.1,927.094,941.08,-1355.39,130.723
10,100,9000,0.6,0.1,923.098,937.084,-1356.48,131.466
10,100,9000,0.6,0.1,927.094,943.078,-1354.7,131.925
10,100,9000,0.6,0.1,927.094,943.078,-1354.7,131.625
10,100,9000,0.6,0.1,923.098,937.084,-1356.48,131.856
10,100,9000,0.6,0.1,923.098,937.084,-1356.48,130.466
10,100,9000,0.6,0.1,921.1,934.087,-1356.29,132.024
10,100,9000,0.6,0.1,923.098,936.085,-1356.48,130.586
10,100,9000,0.6,0.1,928.093,945.076,-1353.43,131.294
10,100,9000,0.6,0.1,924.097,938.083,-1356.4,130.83
10,100,9000,0.6,0.1,926.095,938.083,-1355.58,131.72
10,100,9000,0.6,0.1,925.096,939.082,-1356.19,131.674
10,100,9000,0.6,0.1,927.094,940.081,-1355.37,129.865
10,100,9000,0.6,0.1,923.098,936.085,-1356.48,129.46
10,100,9000,0.6,0.1,917.104,931.09,-1355.05,129.921
10,100,9000,0.6,0.1,922.099,935.086,-1356.45,131.231
10,100,9000,0.6,0.1,923.098,937.084,-1356.48,131.644
10,100,9000,0.6,0.1,921.1,934.087,-1356.29,130.234
10,100,9000,0.6,0.1,922.099,935.086,-1356.45,130.23
10,100,9000,0.6,0.1,922.099,935.086,-1356.45,131.637
10,100,9000,0.6,0.1,927.094,942.079,-1355.17,130.137
10,100,9000,0.6,0.1,922.099,935.086,-1356.45,130.072
10,100,9000,0.6,0.1,923.098,937.084,-1356.48,130.021
10,100,9000,0.6,0.1,921.1,934.087,-1356.29,130.602
10,100,10000,0.6,0.1,923.098,936.085,-1356.48,147.076
10,100,10000,0.6,0.1,925.096,939.082,-1356.19,145.309
10,100,10000,0.6,0.1,921.1,934.087,-1356.29,146.353
10,100,10000,0.6,0.1,927.094,940.081,-1355.37,145.808
10,100,10000,0.6,0.1,923.098,937.084,-1356.48,145.726
10,100,10000,0.6,0.1,921.1,934.087,-1356.29,145.591
10,100,10000,0.6,0.1,923.098,936.085,-1356.48,146.028
10,100,10000,0.6,0.1,927.094,940.081,-1355.37,145.65
10,100,10000,0.6,0.1,921.1,934.087,-1356.29,145.572
10,100,10000,0.6,0.1,923.098,937.084,-1356.48,145.535
10,100,10000,0.6,0.1,927.094,942.079,-1355.17,145.551
10,100,10000,0.6,0.1,921.1,934.087,-1356.29,144.784
10,100,10000,0.6,0.1,927.094,943.078,-1354.7,144.71
10,100,10000,0.6,0.1,921.1,934.087,-1356.29,142.853
10,100,10000,0.6,0.1,923.098,937.084,-1356.48,144.343
10,100,10000,0.6,0.1,921.1,934.087,-1356.29,145.205
10,100,10000,0.6,0.1,922.099,935.086,-1356.45,145.204
10,100,10000,0.6,0.1,927.094,942.079,-1355.17,145.161
10,100,10000,0.6,0.1,922.099,935.086,-1356.45,144.777
10,100,10000,0.6,0.1,923.098,937.084,-1356.48,145.663
10,100,10000,0.6,0.1,923.098,937.084,-1356.48,146.24
10,100,10000,0.6,0.1,922.099,935.086,-1356.45,146.534
10,100,10000,0.6,0.1,923.098,937.084,-1356.48,146.711
10,100,10000,0.6,0.1,925.096,940.081,-1355.95,145.295
10,100,10000,0.6,0.1,925.096,939.082,-1356.19,145.571
10,100,10000,0.6,0.1,923.098,937.084,-1356.48,146.14
10,100,10000,0.6,0.1,922.099,935.086,-1356.45,146.26
10,100,10000,0.6,0.1,923.098,937.084,-1356.48,146.103
10,100,10000,0.6,0.1,921.1,934.087,-1356.29,145.916
10,100,10000,0.6,0.1,923.098,937.084,-1356.48,147.371
10,100,10000,0.6,0.1,925.096,939.082,-1356.19,145.745
10,100,10000,0.6,0.1,922.099,934.087,-1356.2,145.592
10,100,10000,0.6,0.1,923.098,937.084,-1356.48,145.104
10,100,10000,0.6,0.1,921.1,934.087,-1356.29,145.139
10,100,10000,0.6,0.1,923.098,937.084,-1356.48,145.807
10,100,10000,0.6,0.1,921.1,934.087,-1356.29,145.252
10,100,10000,0.6,0.1,920.101,933.088,-1356,145.947
10,100,10000,0.6,0.1,927.094,940.081,-1355.37,144.78
10,100,10000,0.6,0.1,923.098,937.084,-1356.48,144.42
10,100,10000,0.6,0.1,927.094,940.081,-1355.37,144.906
10,100,10000,0.6,0.1,922.099,935.086,-1356.45,144.549
10,100,10000,0.6,0.1,924.097,938.083,-1356.4,144.61
10,100,10000,0.6,0.1,923.098,936.085,-1356.48,145.219
10,100,10000,0.6,0.1,922.099,934.087,-1356.2,144.608
10,100,10000,0.6,0.1,921.1,934.087,-1356.29,146.006
10,100,10000,0.6,0.1,923.098,936.085,-1356.48,143.595
10,100,10000,0.6,0.1,924.097,939.082,-1356.16,144.721
10,100,10000,0.6,0.1,922.099,936.085,-1356.44,144.738
10,100,10000,0.6,0.1,924.097,937.084,-1356.39,145.125
10,100,10000,0.6,0.1,927.094,943.078,-1354.7,144.509
10,100,15000,0.6,0.1,924.097,938.083,-1356.4,217.752
10,100,15000,0.6,0.1,923.098,937.084,-1356.48,217.266
10,100,15000,0.6,0.1,923.098,937.084,-1356.48,217.342
10,100,15000,0.6,0.1,922.099,935.086,-1356.45,217.79
10,100,15000,0.6,0.1,921.1,935.086,-1356.28,217.618
10,100,15000,0.6,0.1,922.099,935.086,-1356.45,216.645
10,100,15000,0.6,0.1,923.098,937.084,-1356.48,216.861
10,100,15000,0.6,0.1,922.099,935.086,-1356.45,216.97
10,100,15000,0.6,0.1,924.097,938.083,-1356.4,216.225
10,100,15000,0.6,0.1,923.098,937.084,-1356.48,215.255
10,100,15000,0.6,0.1,927.094,941.08,-1355.39,216.117
10,100,15000,0.6,0.1,923.098,937.084,-1356.48,216.814
10,100,15000,0.6,0.1,927.094,941.08,-1355.39,217.534
10,100,15000,0.6,0.1,923.098,936.085,-1356.48,216.44
10,100,15000,0.6,0.1,923.098,936.085,-1356.48,217.955
10,100,15000,0.6,0.1,923.098,937.084,-1356.48,216.134
10,100,15000,0.6,0.1,922.099,934.087,-1356.2,216.717
10,100,15000,0.6,0.1,927.094,941.08,-1355.39,217.039
10,100,15000,0.6,0.1,923.098,937.084,-1356.48,218.227
10,100,15000,0.6,0.1,921.1,934.087,-1356.29,216.108
10,100,15000,0.6,0.1,923.098,936.085,-1356.48,216.718
10,100,15000,0.6,0.1,927.094,943.078,-1354.7,217.516
10,100,15000,0.6,0.1,922.099,935.086,-1356.45,216.55
10,100,15000,0.6,0.1,922.099,935.086,-1356.45,216.076
10,100,15000,0.6,0.1,927.094,941.08,-1355.39,216.455
10,100,15000,0.6,0.1,923.098,936.085,-1356.48,217.638
10,100,15000,0.6,0.1,922.099,935.086,-1356.45,217.306
10,100,15000,0.6,0.1,923.098,936.085,-1356.48,217.546
10,100,15000,0.6,0.1,921.1,934.087,-1356.29,216.878
10,100,15000,0.6,0.1,927.094,940.081,-1355.37,217.092
10,100,15000,0.6,0.1,923.098,936.085,-1356.48,217.881
10,100,15000,0.6,0.1,923.098,937.084,-1356.48,216.777
10,100,15000,0.6,0.1,910.11,924.097,-1347.78,217.476
10,100,15000,0.6,0.1,923.098,937.084,-1356.48,216.979
10,100,15000,0.6,0.1,923.098,937.084,-1356.48,215.539
10,100,15000,0.6,0.1,923.098,937.084,-1356.48,216.714
10,100,15000,0.6,0.1,922.099,935.086,-1356.45,217.827
10,100,15000,0.6,0.1,927.094,941.08,-1355.39,218.303
10,100,15000,0.6,0.1,927.094,941.08,-1355.39,216.694
10,100,15000,0.6,0.1,923.098,937.084,-1356.48,216.793
10,100,15000,0.6,0.1,921.1,934.087,-1356.29,215.758
10,100,15000,0.6,0.1,923.098,937.084,-1356.48,217.369
10,100,15000,0.6,0.1,921.1,934.087,-1356.29,217.276
10,100,15000,0.6,0.1,922.099,935.086,-1356.45,216.568
10,100,15000,0.6,0.1,922.099,935.086,-1356.45,217.746
10,100,15000,0.6,0.1,923.098,937.084,-1356.48,215.89
10,100,15000,0.6,0.1,924.097,938.083,-1356.4,218.315
10,100,15000,0.6,0.1,923.098,937.084,-1356.48,216.467
10,100,15000,0.6,0.1,923.098,935.086,-1356.24,216.858
10,100,15000,0.6,0.1,923.098,937.084,-1356.48,217.364
10,100,20000,0.6,0.1,922.099,935.086,-1356.45,288.808
10,100,20000,0.6,0.1,925.096,939.082,-1356.19,289.892
10,100,20000,0.6,0.1,923.098,936.085,-1356.48,288.93
10,100,20000,0.6,0.1,923.098,937.084,-1356.48,289.813
10,100,20000,0.6,0.1,922.099,935.086,-1356.45,287.991
10,100,20000,0.6,0.1,923.098,937.084,-1356.48,288.401
10,100,20000,0.6,0.1,923.098,936.085,-1356.48,288.535
10,100,20000,0.6,0.1,923.098,937.084,-1356.48,289.969
10,100,20000,0.6,0.1,921.1,934.087,-1356.29,290.225
10,100,20000,0.6,0.1,923.098,937.084,-1356.48,290.192
10,100,20000,0.6,0.1,923.098,937.084,-1356.48,288.586
10,100,20000,0.6,0.1,923.098,937.084,-1356.48,288.941
10,100,20000,0.6,0.1,924.097,938.083,-1356.4,290.189
10,100,20000,0.6,0.1,923.098,937.084,-1356.48,289.722
10,100,20000,0.6,0.1,922.099,935.086,-1356.45,290.931
10,100,20000,0.6,0.1,923.098,937.084,-1356.48,289.321
10,100,20000,0.6,0.1,921.1,934.087,-1356.29,288.522
10,100,20000,0.6,0.1,923.098,937.084,-1356.48,289.298
10,100,20000,0.6,0.1,923.098,937.084,-1356.48,288.036
10,100,20000,0.6,0.1,923.098,937.084,-1356.48,289.719
10,100,20000,0.6,0.1,921.1,934.087,-1356.29,288.161
10,100,20000,0.6,0.1,922.099,935.086,-1356.45,290.113
10,100,20000,0.6,0.1,923.098,937.084,-1356.48,288.907
10,100,20000,0.6,0.1,921.1,934.087,-1356.29,289.468
10,100,20000,0.6,0.1,923.098,937.084,-1356.48,288.707
10,100,20000,0.6,0.1,922.099,935.086,-1356.45,288.488
10,100,20000,0.6,0.1,922.099,935.086,-1356.45,289.49
10,100,20000,0.6,0.1,923.098,936.085,-1356.48,290.191
10,100,20000,0.6,0.1,927.094,941.08,-1355.39,288.989
10,100,20000,0.6,0.1,923.098,936.085,-1356.48,288.575
10,100,20000,0.6,0.1,922.099,935.086,-1356.45,290.01
10,100,20000,0.6,0.1,920.101,933.088,-1356,288.084
10,100,20000,0.6,0.1,923.098,936.085,-1356.48,288.27
10,100,20000,0.6,0.1,921.1,934.087,-1356.29,288.861
10,100,20000,0.6,0.1,923.098,937.084,-1356.48,288.771
10,100,20000,0.6,0.1,923.098,937.084,-1356.48,288.987
10,100,20000,0.6,0.1,921.1,934.087,-1356.29,289.037
10,100,20000,0.6,0.1,923.098,936.085,-1356.48,289.407
10,100,20000,0.6,0.1,922.099,935.086,-1356.45,289.296
10,100,20000,0.6,0.1,922.099,935.086,-1356.45,288.94
10,100,20000,0.6,0.1,921.1,934.087,-1356.29,288.581
10,100,20000,0.6,0.1,923.098,937.084,-1356.48,288.914
10,100,20000,0.6,0.1,923.098,936.085,-1356.48,290.636
10,100,20000,0.6,0.1,927.094,941.08,-1355.39,289.858
10,100,20000,0.6,0.1,923.098,937.084,-1356.48,288.898
10,100,20000,0.6,0.1,923.098,937.084,-1356.48,290.017
10,100,20000,0.6,0.1,922.099,935.086,-1356.45,289.556
10,100,20000,0.6,0.1,921.1,934.087,-1356.29,288.263
10,100,20000,0.6,0.1,924.097,937.084,-1356.39,289.919
10,100,20000,0.6,0.1,923.098,936.085,-1356.48,289.004
10,100,25000,0.6,0.1,927.094,941.08,-1355.39,363.981
10,100,25000,0.6,0.1,921.1,934.087,-1356.29,362.69
10,100,25000,0.6,0.1,922.099,935.086,-1356.45,363.388
10,100,25000,0.6,0.1,923.098,936.085,-1356.48,362.736
10,100,25000,0.6,0.1,923.098,937.084,-1356.48,362.656
10,100,25000,0.6,0.1,923.098,937.084,-1356.48,363.584
10,100,25000,0.6,0.1,923.098,937.084,-1356.48,365.565
10,100,25000,0.6,0.1,921.1,934.087,-1356.29,363.743
10,100,25000,0.6,0.1,922.099,935.086,-1356.45,363.244
10,100,25000,0.6,0.1,923.098,937.084,-1356.48,365.447
10,100,25000,0.6,0.1,923.098,937.084,-1356.48,364.176
10,100,25000,0.6,0.1,922.099,935.086,-1356.45,366.769
10,100,25000,0.6,0.1,921.1,934.087,-1356.29,363.511
10,100,25000,0.6,0.1,922.099,935.086,-1356.45,364.722
10,100,25000,0.6,0.1,923.098,937.084,-1356.48,365.027
10,100,25000,0.6,0.1,923.098,937.084,-1356.48,364.352
10,100,25000,0.6,0.1,923.098,936.085,-1356.48,364.243
10,100,25000,0.6,0.1,923.098,936.085,-1356.48,364.138
10,100,25000,0.6,0.1,922.099,935.086,-1356.45,364.668
10,100,25000,0.6,0.1,923.098,937.084,-1356.48,365.525
10,100,25000,0.6,0.1,923.098,937.084,-1356.48,363.815
10,100,25000,0.6,0.1,923.098,936.085,-1356.48,363.995
10,100,25000,0.6,0.1,921.1,934.087,-1356.29,363.104
10,100,25000,0.6,0.1,922.099,935.086,-1356.45,362.493
10,100,25000,0.6,0.1,922.099,935.086,-1356.45,363.157
10,100,25000,0.6,0.1,923.098,937.084,-1356.48,364.377
10,100,25000,0.6,0.1,922.099,935.086,-1356.45,366.919
10,100,25000,0.6,0.1,922.099,935.086,-1356.45,365.233
10,100,25000,0.6,0.1,924.097,939.082,-1356.16,362.612
10,100,25000,0.6,0.1,922.099,935.086,-1356.45,362.591
10,100,25000,0.6,0.1,923.098,935.086,-1356.24,364.747
10,100,25000,0.6,0.1,923.098,937.084,-1356.48,363.49
10,100,25000,0.6,0.1,923.098,937.084,-1356.48,363.726
10,100,25000,0.6,0.1,927.094,941.08,-1355.39,362.323
10,100,25000,0.6,0.1,923.098,937.084,-1356.48,365.839
10,100,25000,0.6,0.1,922.099,935.086,-1356.45,366.214
10,100,25000,0.6,0.1,923.098,937.084,-1356.48,365.09
10,100,25000,0.6,0.1,923.098,937.084,-1356.48,362.824
10,100,25000,0.6,0.1,922.099,935.086,-1356.45,365.303
10,100,25000,0.6,0.1,923.098,937.084,-1356.48,364.836
10,100,25000,0.6,0.1,923.098,937.084,-1356.48,347.543
10,100,25000,0.6,0.1,923.098,937.084,-1356.48,351.982
10,100,25000,0.6,0.1,923.098,937.084,-1356.48,363.743
10,100,25000,0.6,0.1,923.098,937.084,-1356.48,362.306
10,100,25000,0.6,0.1,923.098,937.084,-1356.48,364.422
10,100,25000,0.6,0.1,927.094,941.08,-1355.39,365.355
10,100,25000,0.6,0.1,921.1,934.087,-1356.29,362.895
10,100,25000,0.6,0.1,923.098,937.084,-1356.48,363.825
10,100,25000,0.6,0.1,922.099,935.086,-1356.45,363.963
10,100,25000,0.6,0.1,923.098,937.084,-1356.48,364.174
10,100,30000,0.6,0.1,923.098,937.084,-1356.48,432.705
10,100,30000,0.6,0.1,923.098,936.085,-1356.48,434.974
10,100,30000,0.6,0.1,923.098,937.084,-1356.48,435.93
10,100,30000,0.6,0.1,923.098,937.084,-1356.48,434.919
10,100,30000,0.6,0.1,924.097,938.083,-1356.4,436.698
10,100,30000,0.6,0.1,923.098,937.084,-1356.48,436.952
10,100,30000,0.6,0.1,923.098,937.084,-1356.48,434.953
10,100,30000,0.6,0.1,923.098,937.084,-1356.48,436.685
10,100,30000,0.6,0.1,923.098,936.085,-1356.48,434.135
10,100,30000,0.6,0.1,922.099,935.086,-1356.45,434.334
10,100,30000,0.6,0.1,923.098,937.084,-1356.48,434.327
10,100,30000,0.6,0.1,923.098,936.085,-1356.48,432.861
10,100,30000,0.6,0.1,921.1,934.087,-1356.29,432.911
10,100,30000,0.6,0.1,923.098,937.084,-1356.48,435.776
10,100,30000,0.6,0.1,922.099,935.086,-1356.45,433.829
10,100,30000,0.6,0.1,923.098,937.084,-1356.48,437.94
10,100,30000,0.6,0.1,923.098,937.084,-1356.48,434.32
10,100,30000,0.6,0.1,922.099,935.086,-1356.45,436.274
10,100,30000,0.6,0.1,923.098,937.084,-1356.48,435.302
10,100,30000,0.6,0.1,923.098,937.084,-1356.48,436.652
10,100,30000,0.6,0.1,923.098,937.084,-1356.48,434.397
10,100,30000,0.6,0.1,923.098,937.084,-1356.48,434.38
10,100,30000,0.6,0.1,923.098,937.084,-1356.48,433.753
10,100,30000,0.6,0.1,922.099,935.086,-1356.45,432.945
10,100,30000,0.6,0.1,923.098,937.084,-1356.48,432.308
10,100,30000,0.6,0.1,922.099,935.086,-1356.45,434.181
10,100,30000,0.6,0.1,923.098,937.084,-1356.48,434.889
10,100,30000,0.6,0.1,923.098,937.084,-1356.48,435.223
10,100,30000,0.6,0.1,922.099,935.086,-1356.45,436.192
10,100,30000,0.6,0.1,927.094,940.081,-1355.37,433.505
10,100,30000,0.6,0.1,923.098,937.084,-1356.48,434.142
10,100,30000,0.6,0.1,923.098,937.084,-1356.48,434.506
10,100,30000,0.6,0.1,923.098,937.084,-1356.48,434.427
10,100,30000,0.6,0.1,923.098,937.084,-1356.48,436.653
10,100,30000,0.6,0.1,923.098,937.084,-1356.48,436.133
10,100,30000,0.6,0.1,921.1,934.087,-1356.29,436.819
10,100,30000,0.6,0.1,923.098,936.085,-1356.48,435.731
10,100,30000,0.6,0.1,923.098,936.085,-1356.48,434.741
10,100,30000,0.6,0.1,923.098,937.084,-1356.48,435.541
10,100,30000,0.6,0.1,922.099,935.086,-1356.45,435.498
10,100,30000,0.6,0.1,922.099,935.086,-1356.45,436.591
10,100,30000,0.6,0.1,922.099,935.086,-1356.45,436.061
10,100,30000,0.6,0.1,923.098,937.084,-1356.48,434.925
10,100,30000,0.6,0.1,923.098,936.085,-1356.48,436.634
10,100,30000,0.6,0.1,921.1,933.088,-1356.05,436.758
10,100,30000,0.6,0.1,922.099,935.086,-1356.45,436.113
10,100,30000,0.6,0.1,922.099,935.086,-1356.45,436.239
10,100,30000,0.6,0.1,922.099,935.086,-1356.45,434.07
10,100,30000,0.6,0.1,921.1,934.087,-1356.29,437.327
10,100,30000,0.6,0.1,923.098,937.084,-1356.48,436.003
10,100,35000,0.6,0.1,923.098,937.084,-1356.48,505.97
10,100,35000,0.6,0.1,923.098,937.084,-1356.48,509.273
10,100,35000,0.6,0.1,923.098,937.084,-1356.48,504.961
10,100,35000,0.6,0.1,922.099,935.086,-1356.45,505.923
10,100,35000,0.6,0.1,923.098,937.084,-1356.48,509.031
10,100,35000,0.6,0.1,923.098,937.084,-1356.48,508.234
10,100,35000,0.6,0.1,922.099,935.086,-1356.45,506.778
10,100,35000,0.6,0.1,923.098,937.084,-1356.48,507.446
10,100,35000,0.6,0.1,923.098,937.084,-1356.48,508.521
10,100,35000,0.6,0.1,922.099,935.086,-1356.45,511
10,100,35000,0.6,0.1,923.098,937.084,-1356.48,513.348
10,100,35000,0.6,0.1,922.099,935.086,-1356.45,509.793
10,100,35000,0.6,0.1,923.098,937.084,-1356.48,509.922
10,100,35000,0.6,0.1,923.098,937.084,-1356.48,508.658
10,100,35000,0.6,0.1,923.098,937.084,-1356.48,509.386
10,100,35000,0.6,0.1,923.098,937.084,-1356.48,510.833
10,100,35000,0.6,0.1,922.099,935.086,-1356.45,506.223
10,100,35000,0.6,0.1,923.098,937.084,-1356.48,508.678
10,100,35000,0.6,0.1,923.098,937.084,-1356.48,511.005
10,100,35000,0.6,0.1,923.098,936.085,-1356.48,511.406
10,100,35000,0.6,0.1,922.099,935.086,-1356.45,506.9
10,100,35000,0.6,0.1,923.098,937.084,-1356.48,509.926
10,100,35000,0.6,0.1,923.098,937.084,-1356.48,510.222
10,100,35000,0.6,0.1,923.098,937.084,-1356.48,509.389
10,100,35000,0.6,0.1,923.098,937.084,-1356.48,508.519
10,100,35000,0.6,0.1,922.099,935.086,-1356.45,507.846
10,100,35000,0.6,0.1,923.098,937.084,-1356.48,507.837
10,100,35000,0.6,0.1,923.098,937.084,-1356.48,508.052
10,100,35000,0.6,0.1,923.098,937.084,-1356.48,509.15
10,100,35000,0.6,0.1,923.098,937.084,-1356.48,509.467
10,100,35000,0.6,0.1,923.098,936.085,-1356.48,507.424
10,100,35000,0.6,0.1,922.099,935.086,-1356.45,509.134
10,100,35000,0.6,0.1,923.098,937.084,-1356.48,508.417
10,100,35000,0.6,0.1,923.098,937.084,-1356.48,507.67
10,100,35000,0.6,0.1,923.098,937.084,-1356.48,508.194
10,100,35000,0.6,0.1,922.099,935.086,-1356.45,506.572
10,100,35000,0.6,0.1,923.098,937.084,-1356.48,511.617
10,100,35000,0.6,0.1,922.099,935.086,-1356.45,509.492
10,100,35000,0.6,0.1,923.098,937.084,-1356.48,509.971
10,100,35000,0.6,0.1,923.098,937.084,-1356.48,512.439
10,100,35000,0.6,0.1,921.1,934.087,-1356.29,509.201
10,100,35000,0.6,0.1,923.098,937.084,-1356.48,510.467
10,100,35000,0.6,0.1,922.099,935.086,-1356.45,508.415
10,100,35000,0.6,0.1,921.1,934.087,-1356.29,507.772
10,100,35000,0.6,0.1,923.098,937.084,-1356.48,509.244
10,100,35000,0.6,0.1,922.099,935.086,-1356.45,507.541
10,100,35000,0.6,0.1,923.098,937.084,-1356.48,511.454
10,100,35000,0.6,0.1,922.099,935.086,-1356.45,510.298
10,100,35000,0.6,0.1,923.098,937.084,-1356.48,506.242
10,100,35000,0.6,0.1,923.098,936.085,-1356.48,504.822
10,100,40000,0.6,0.1,923.098,937.084,-1356.48,574.695
10,100,40000,0.6,0.1,921.1,934.087,-1356.29,577.404
10,100,40000,0.6,0.1,922.099,935.086,-1356.45,581.191
10,100,40000,0.6,0.1,923.098,937.084,-1356.48,577.418
10,100,40000,0.6,0.1,923.098,937.084,-1356.48,576.985
10,100,40000,0.6,0.1,923.098,937.084,-1356.48,579.243
10,100,40000,0.6,0.1,923.098,937.084,-1356.48,579.312
10,100,40000,0.6,0.1,923.098,937.084,-1356.48,580.246
10,100,40000,0.6,0.1,923.098,937.084,-1356.48,578.077
10,100,40000,0.6,0.1,922.099,935.086,-1356.45,578.751
10,100,40000,0.6,0.1,923.098,937.084,-1356.48,578.726
10,100,40000,0.6,0.1,923.098,937.084,-1356.48,578.458
10,100,40000,0.6,0.1,923.098,937.084,-1356.48,579.379
10,100,40000,0.6,0.1,923.098,937.084,-1356.48,579.065
10,100,40000,0.6,0.1,923.098,937.084,-1356.48,577.432
10,100,40000,0.6,0.1,923.098,937.084,-1356.48,579.39
10,100,40000,0.6,0.1,922.099,935.086,-1356.45,579.625
10,100,40000,0.6,0.1,923.098,937.084,-1356.48,579.392
10,100,40000,0.6,0.1,923.098,937.084,-1356.48,580.546
10,100,40000,0.6,0.1,923.098,937.084,-1356.48,580.467
10,100,40000,0.6,0.1,922.099,935.086,-1356.45,578.585
10,100,40000,0.6,0.1,923.098,937.084,-1356.48,581.635
10,100,40000,0.6,0.1,923.098,937.084,-1356.48,582.257
10,100,40000,0.6,0.1,922.099,935.086,-1356.45,580.003
10,100,40000,0.6,0.1,922.099,935.086,-1356.45,580.511
10,100,40000,0.6,0.1,923.098,937.084,-1356.48,580.149
10,100,40000,0.6,0.1,923.098,937.084,-1356.48,578.277
10,100,40000,0.6,0.1,921.1,934.087,-1356.29,577.96
10,100,40000,0.6,0.1,922.099,935.086,-1356.45,577.997
10,100,40000,0.6,0.1,922.099,935.086,-1356.45,578.633
10,100,40000,0.6,0.1,923.098,937.084,-1356.48,580.534
10,100,40000,0.6,0.1,923.098,937.084,-1356.48,579.568
10,100,40000,0.6,0.1,923.098,937.084,-1356.48,579.451
10,100,40000,0.6,0.1,923.098,937.084,-1356.48,579.235
10,100,40000,0.6,0.1,923.098,937.084,-1356.48,576.554
10,100,40000,0.6,0.1,923.098,937.084,-1356.48,578.144
10,100,40000,0.6,0.1,923.098,937.084,-1356.48,577.796
10,100,40000,0.6,0.1,923.098,937.084,-1356.48,578.858
10,100,40000,0.6,0.1,922.099,935.086,-1356.45,577.943
10,100,40000,0.6,0.1,923.098,936.085,-1356.48,578.779
10,100,40000,0.6,0.1,923.098,937.084,-1356.48,579.016
10,100,40000,0.6,0.1,922.099,935.086,-1356.45,579.242
10,100,40000,0.6,0.1,923.098,937.084,-1356.48,578.729
10,100,40000,0.6,0.1,923.098,937.084,-1356.48,578.862
10,100,40000,0.6,0.1,923.098,937.084,-1356.48,577.628
10,100,40000,0.6,0.1,922.099,935.086,-1356.45,577.457
10,100,40000,0.6,0.1,922.099,935.086,-1356.45,580.067
10,100,40000,0.6,0.1,922.099,935.086,-1356.45,579.632
10,100,40000,0.6,0.1,923.098,937.084,-1356.48,578.299
10,100,40000,0.6,0.1,921.1,934.087,-1356.29,578.626
10,100,45000,0.6,0.1,923.098,937.084,-1356.48,651.557
10,100,45000,0.6,0.1,923.098,937.084,-1356.48,651.104
10,100,45000,0.6,0.1,923.098,937.084,-1356.48,651.669
10,100,45000,0.6,0.1,921.1,934.087,-1356.29,649.775
10,100,45000,0.6,0.1,922.099,936.085,-1356.44,650.151
10,100,45000,0.6,0.1,923.098,937.084,-1356.48,651.364
10,100,45000,0.6,0.1,923.098,937.084,-1356.48,651.211
10,100,45000,0.6,0.1,923.098,937.084,-1356.48,651.116
10,100,45000,0.6,0.1,921.1,934.087,-1356.29,653.038
10,100,45000,0.6,0.1,923.098,937.084,-1356.48,651.283
10,100,45000,0.6,0.1,923.098,937.084,-1356.48,649.586
10,100,45000,0.6,0.1,923.098,937.084,-1356.48,651.19
10,100,45000,0.6,0.1,923.098,937.084,-1356.48,649.292
10,100,45000,0.6,0.1,922.099,935.086,-1356.45,650.658
10,100,45000,0.6,0.1,923.098,937.084,-1356.48,651.38
10,100,45000,0.6,0.1,923.098,937.084,-1356.48,652.78
10,100,45000,0.6,0.1,922.099,935.086,-1356.45,652.244
10,100,45000,0.6,0.1,922.099,935.086,-1356.45,649.759
10,100,45000,0.6,0.1,923.098,937.084,-1356.48,650.89
10,100,45000,0.6,0.1,923.098,937.084,-1356.48,648.734
10,100,45000,0.6,0.1,921.1,934.087,-1356.29,650.308
10,100,45000,0.6,0.1,922.099,935.086,-1356.45,650.575
10,100,45000,0.6,0.1,922.099,935.086,-1356.45,652.133
10,100,45000,0.6,0.1,923.098,937.084,-1356.48,650.545
10,100,45000,0.6,0.1,922.099,935.086,-1356.45,650.446
10,100,45000,0.6,0.1,922.099,935.086,-1356.45,651.344
10,100,45000,0.6,0.1,922.099,935.086,-1356.45,649.8
10,100,45000,0.6,0.1,923.098,937.084,-1356.48,648.031
10,100,45000,0.6,0.1,923.098,937.084,-1356.48,649.832
10,100,45000,0.6,0.1,923.098,937.084,-1356.48,651.516
10,100,45000,0.6,0.1,923.098,937.084,-1356.48,652.335
10,100,45000,0.6,0.1,923.098,937.084,-1356.48,650.774
10,100,45000,0.6,0.1,927.094,941.08,-1355.39,655.304
10,100,45000,0.6,0.1,923.098,937.084,-1356.48,654.307
10,100,45000,0.6,0.1,923.098,937.084,-1356.48,651.578
10,100,45000,0.6,0.1,922.099,935.086,-1356.45,651.883
10,100,45000,0.6,0.1,923.098,937.084,-1356.48,649.54
10,100,45000,0.6,0.1,923.098,937.084,-1356.48,651.186
10,100,45000,0.6,0.1,923.098,937.084,-1356.48,650.618
10,100,45000,0.6,0.1,921.1,934.087,-1356.29,650.479
10,100,45000,0.6,0.1,923.098,937.084,-1356.48,651.452
10,100,45000,0.6,0.1,921.1,934.087,-1356.29,651.728
10,100,45000,0.6,0.1,923.098,937.084,-1356.48,651.688
10,100,45000,0.6,0.1,922.099,935.086,-1356.45,651.918
10,100,45000,0.6,0.1,923.098,937.084,-1356.48,650.596
10,100,45000,0.6,0.1,923.098,937.084,-1356.48,645.683
10,100,45000,0.6,0.1,922.099,935.086,-1356.45,651.082
10,100,45000,0.6,0.1,922.099,935.086,-1356.45,651.587
10,100,45000,0.6,0.1,923.098,936.085,-1356.48,650.284
10,100,45000,0.6,0.1,923.098,937.084,-1356.48,654.874
10,100,50000,0.6,0.1,922.099,935.086,-1356.45,724.083
10,100,50000,0.6,0.1,923.098,937.084,-1356.48,740.823
10,100,50000,0.6,0.1,922.099,935.086,-1356.45,746.749
10,100,50000,0.6,0.1,923.098,937.084,-1356.48,749.106
10,100,50000,0.6,0.1,922.099,935.086,-1356.45,750.922
10,100,50000,0.6,0.1,923.098,937.084,-1356.48,749.706
10,100,50000,0.6,0.1,923.098,937.084,-1356.48,749.572
10,100,50000,0.6,0.1,923.098,937.084,-1356.48,744.102
10,100,50000,0.6,0.1,923.098,937.084,-1356.48,726.278
10,100,50000,0.6,0.1,923.098,937.084,-1356.48,728.156
10,100,50000,0.6,0.1,923.098,937.084,-1356.48,724.074
10,100,50000,0.6,0.1,922.099,935.086,-1356.45,722.046
10,100,50000,0.6,0.1,923.098,937.084,-1356.48,722.595
10,100,50000,0.6,0.1,923.098,937.084,-1356.48,725.104
10,100,50000,0.6,0.1,923.098,937.084,-1356.48,725.595
10,100,50000,0.6,0.1,922.099,935.086,-1356.45,728.088
10,100,50000,0.6,0.1,923.098,936.085,-1356.48,725.855
10,100,50000,0.6,0.1,922.099,935.086,-1356.45,726.058
10,100,50000,0.6,0.1,923.098,936.085,-1356.48,726.023
10,100,50000,0.6,0.1,923.098,937.084,-1356.48,725.876
10,100,50000,0.6,0.1,923.098,937.084,-1356.48,721.718
10,100,50000,0.6,0.1,923.098,937.084,-1356.48,724.691
10,100,50000,0.6,0.1,921.1,934.087,-1356.29,728.98
10,100,50000,0.6,0.1,923.098,937.084,-1356.48,728.057
10,100,50000,0.6,0.1,923.098,937.084,-1356.48,726.094
10,100,50000,0.6,0.1,922.099,935.086,-1356.45,731.436
10,100,50000,0.6,0.1,923.098,937.084,-1356.48,724.723
10,100,50000,0.6,0.1,923.098,937.084,-1356.48,726.158
10,100,50000,0.6,0.1,923.098,937.084,-1356.48,722.573
10,100,50000,0.6,0.1,923.098,937.084,-1356.48,725.167
10,100,50000,0.6,0.1,923.098,936.085,-1356.48,733.901
10,100,50000,0.6,0.1,923.098,936.085,-1356.48,723.803
10,100,50000,0.6,0.1,923.098,937.084,-1356.48,733.003
10,100,50000,0.6,0.1,923.098,937.084,-1356.48,727.841
10,100,50000,0.6,0.1,923.098,937.084,-1356.48,728.188
10,100,50000,0.6,0.1,923.098,937.084,-1356.48,729.931
10,100,50000,0.6,0.1,923.098,937.084,-1356.48,732.683
10,100,50000,0.6,0.1,922.099,935.086,-1356.45,727.066
10,100,50000,0.6,0.1,923.098,937.084,-1356.48,729.171
10,100,50000,0.6,0.1,923.098,937.084,-1356.48,726.114
10,100,50000,0.6,0.1,923.098,937.084,-1356.48,725.861
10,100,50000,0.6,0.1,922.099,935.086,-1356.45,723.907
10,100,50000,0.6,0.1,922.099,935.086,-1356.45,726.143
10,100,50000,0.6,0.1,923.098,937.084,-1356.48,722.646
10,100,50000,0.6,0.1,922.099,935.086,-1356.45,723.222
10,100,50000,0.6,0.1,923.098,936.085,-1356.48,724.025
10,100,50000,0.6,0.1,921.1,934.087,-1356.29,721.986
10,100,50000,0.6,0.1,923.098,937.084,-1356.48,723.212
10,100,50000,0.6,0.1,922.099,935.086,-1356.45,723.846
10,100,50000,0.6,0.1,923.098,937.084,-1356.48,726.353
10,100,55000,0.6,0.1,923.098,937.084,-1356.48,794.066
10,100,55000,0.6,0.1,924.097,938.083,-1356.4,792.34
10,100,55000,0.6,0.1,923.098,937.084,-1356.48,795.388
10,100,55000,0.6,0.1,923.098,937.084,-1356.48,794.956
10,100,55000,0.6,0.1,923.098,937.084,-1356.48,798.702
10,100,55000,0.6,0.1,923.098,937.084,-1356.48,799.495
10,100,55000,0.6,0.1,923.098,937.084,-1356.48,796.988
10,100,55000,0.6,0.1,923.098,937.084,-1356.48,796.216
10,100,55000,0.6,0.1,923.098,936.085,-1356.48,799.888
10,100,55000,0.6,0.1,923.098,936.085,-1356.48,795.605
10,100,55000,0.6,0.1,923.098,937.084,-1356.48,793.724
10,100,55000,0.6,0.1,923.098,937.084,-1356.48,795.727
10,100,55000,0.6,0.1,923.098,937.084,-1356.48,795.452
10,100,55000,0.6,0.1,923.098,937.084,-1356.48,793.343
10,100,55000,0.6,0.1,922.099,935.086,-1356.45,793.862
10,100,55000,0.6,0.1,923.098,937.084,-1356.48,794.01
10,100,55000,0.6,0.1,923.098,937.084,-1356.48,795.855
10,100,55000,0.6,0.1,923.098,937.084,-1356.48,795.062
10,100,55000,0.6,0.1,923.098,937.084,-1356.48,795.29
10,100,55000,0.6,0.1,921.1,934.087,-1356.29,794.865
10,100,55000,0.6,0.1,923.098,937.084,-1356.48,795.546
10,100,55000,0.6,0.1,923.098,937.084,-1356.48,795.426
10,100,55000,0.6,0.1,923.098,937.084,-1356.48,797.588
10,100,55000,0.6,0.1,923.098,937.084,-1356.48,795.803
10,100,55000,0.6,0.1,923.098,937.084,-1356.48,793.398
10,100,55000,0.6,0.1,923.098,937.084,-1356.48,794.781
10,100,55000,0.6,0.1,923.098,937.084,-1356.48,797.529
10,100,55000,0.6,0.1,923.098,937.084,-1356.48,794.762
10,100,55000,0.6,0.1,922.099,935.086,-1356.45,794.853
10,100,55000,0.6,0.1,923.098,937.084,-1356.48,798.043
10,100,55000,0.6,0.1,923.098,937.084,-1356.48,793.663
10,100,55000,0.6,0.1,923.098,937.084,-1356.48,793.942
10,100,55000,0.6,0.1,923.098,937.084,-1356.48,796.477
10,100,55000,0.6,0.1,922.099,935.086,-1356.45,795.416
10,100,55000,0.6,0.1,923.098,937.084,-1356.48,798.556
10,100,55000,0.6,0.1,923.098,937.084,-1356.48,801.241
10,100,55000,0.6,0.1,921.1,934.087,-1356.29,803.873
10,100,55000,0.6,0.1,922.099,935.086,-1356.45,798.729
10,100,55000,0.6,0.1,922.099,935.086,-1356.45,798.239
10,100,55000,0.6,0.1,923.098,937.084,-1356.48,796.644
10,100,55000,0.6,0.1,923.098,937.084,-1356.48,796.197
10,100,55000,0.6,0.1,923.098,937.084,-1356.48,795.877
10,100,55000,0.6,0.1,922.099,935.086,-1356.45,790.937
10,100,55000,0.6,0.1,923.098,937.084,-1356.48,797.124
10,100,55000,0.6,0.1,923.098,937.084,-1356.48,798.348
10,100,55000,0.6,0.1,923.098,937.084,-1356.48,799.256
10,100,55000,0.6,0.1,923.098,937.084,-1356.48,790.98
10,100,55000,0.6,0.1,923.098,937.084,-1356.48,795.692
10,100,55000,0.6,0.1,923.098,937.084,-1356.48,793.8
10,100,55000,0.6,0.1,922.099,935.086,-1356.45,797.01
10,100,60000,0.6,0.1,923.098,937.084,-1356.48,864.881
10,100,60000,0.6,0.1,923.098,937.084,-1356.48,867.214
10,100,60000,0.6,0.1,922.099,935.086,-1356.45,868.428
10,100,60000,0.6,0.1,923.098,937.084,-1356.48,865.77
10,100,60000,0.6,0.1,923.098,937.084,-1356.48,863.697
10,100,60000,0.6,0.1,923.098,937.084,-1356.48,865.382
10,100,60000,0.6,0.1,923.098,937.084,-1356.48,867.255
10,100,60000,0.6,0.1,923.098,937.084,-1356.48,864.703
10,100,60000,0.6,0.1,923.098,937.084,-1356.48,870.328
10,100,60000,0.6,0.1,923.098,937.084,-1356.48,866.367
10,100,60000,0.6,0.1,922.099,935.086,-1356.45,864.744
10,100,60000,0.6,0.1,923.098,937.084,-1356.48,866.977
10,100,60000,0.6,0.1,923.098,937.084,-1356.48,867.003
10,100,60000,0.6,0.1,922.099,935.086,-1356.45,868.895
10,100,60000,0.6,0.1,923.098,937.084,-1356.48,863.676
10,100,60000,0.6,0.1,923.098,937.084,-1356.48,866.195
10,100,60000,0.6,0.1,923.098,937.084,-1356.48,861.401
10,100,60000,0.6,0.1,922.099,935.086,-1356.45,869.806
10,100,60000,0.6,0.1,923.098,937.084,-1356.48,869.756
10,100,60000,0.6,0.1,923.098,937.084,-1356.48,869.302
10,100,60000,0.6,0.1,923.098,937.084,-1356.48,868.202
10,100,60000,0.6,0.1,923.098,937.084,-1356.48,870.144
10,100,60000,0.6,0.1,923.098,937.084,-1356.48,867.144
10,100,60000,0.6,0.1,923.098,937.084,-1356.48,867.358
10,100,60000,0.6,0.1,923.098,937.084,-1356.48,865.231
10,100,60000,0.6,0.1,923.098,937.084,-1356.48,869.107
10,100,60000,0.6,0.1,923.098,937.084,-1356.48,863.623
10,100,60000,0.6,0.1,923.098,937.084,-1356.48,866.626
10,100,60000,0.6,0.1,923.098,937.084,-1356.48,868.961
10,100,60000,0.6,0.1,923.098,937.084,-1356.48,870.256
10,100,60000,0.6,0.1,921.1,934.087,-1356.29,869.418
10,100,60000,0.6,0.1,923.098,937.084,-1356.48,871.128
10,100,60000,0.6,0.1,923.098,937.084,-1356.48,869.684
10,100,60000,0.6,0.1,923.098,937.084,-1356.48,866.429
10,100,60000,0.6,0.1,922.099,935.086,-1356.45,865.471
10,100,60000,0.6,0.1,923.098,937.084,-1356.48,864.846
10,100,60000,0.6,0.1,923.098,937.084,-1356.48,865.824
10,100,60000,0.6,0.1,923.098,937.084,-1356.48,871.905
10,100,60000,0.6,0.1,923.098,937.084,-1356.48,872.58
10,100,60000,0.6,0.1,923.098,937.084,-1356.48,871.38
10,100,60000,0.6,0.1,923.098,937.084,-1356.48,868.166
10,100,60000,0.6,0.1,923.098,937.084,-1356.48,865.772
10,100,60000,0.6,0.1,923.098,937.084,-1356.48,871.336
10,100,60000,0.6,0.1,923.098,937.084,-1356.48,868.665
10,100,60000,0.6,0.1,923.098,937.084,-1356.48,865.826
10,100,60000,0.6,0.1,923.098,936.085,-1356.48,867.935
10,100,60000,0.6,0.1,923.098,937.084,-1356.48,866.912
10,100,60000,0.6,0.1,923.098,937.084,-1356.48,867.204
10,100,60000,0.6,0.1,923.098,937.084,-1356.48,857.628
10,100,60000,0.6,0.1,923.098,937.084,-1356.48,866.42
10,100,65000,0.6,0.1,923.098,937.084,-1356.48,940.266
10,100,65000,0.6,0.1,923.098,937.084,-1356.48,937.981
10,100,65000,0.6,0.1,922.099,935.086,-1356.45,941.466
10,100,65000,0.6,0.1,923.098,936.085,-1356.48,938.403
10,100,65000,0.6,0.1,923.098,937.084,-1356.48,939.956
10,100,65000,0.6,0.1,922.099,935.086,-1356.45,936.68
10,100,65000,0.6,0.1,923.098,937.084,-1356.48,941.002
10,100,65000,0.6,0.1,923.098,937.084,-1356.48,937.191
10,100,65000,0.6,0.1,923.098,937.084,-1356.48,939.674
10,100,65000,0.6,0.1,923.098,937.084,-1356.48,937.981
10,100,65000,0.6,0.1,923.098,937.084,-1356.48,939.162
10,100,65000,0.6,0.1,923.098,937.084,-1356.48,937.18
10,100,65000,0.6,0.1,923.098,937.084,-1356.48,939.143
10,100,65000,0.6,0.1,923.098,937.084,-1356.48,938.798
10,100,65000,0.6,0.1,923.098,937.084,-1356.48,941.206
10,100,65000,0.6,0.1,923.098,937.084,-1356.48,937.535
10,100,65000,0.6,0.1,923.098,937.084,-1356.48,941.526
10,100,65000,0.6,0.1,923.098,937.084,-1356.48,945.239
10,100,65000,0.6,0.1,923.098,937.084,-1356.48,945.73
10,100,65000,0.6,0.1,923.098,937.084,-1356.48,943.005
10,100,65000,0.6,0.1,922.099,935.086,-1356.45,948.507
10,100,65000,0.6,0.1,923.098,937.084,-1356.48,945.815
10,100,65000,0.6,0.1,923.098,937.084,-1356.48,947.79
10,100,65000,0.6,0.1,923.098,937.084,-1356.48,944.726
10,100,65000,0.6,0.1,922.099,935.086,-1356.45,940.972
10,100,65000,0.6,0.1,923.098,937.084,-1356.48,940.629
10,100,65000,0.6,0.1,922.099,935.086,-1356.45,940.422
10,100,65000,0.6,0.1,923.098,937.084,-1356.48,946.322
10,100,65000,0.6,0.1,923.098,937.084,-1356.48,945.356
10,100,65000,0.6,0.1,923.098,937.084,-1356.48,945.161
10,100,65000,0.6,0.1,923.098,937.084,-1356.48,944.711
10,100,65000,0.6,0.1,923.098,937.084,-1356.48,962.66
10,100,65000,0.6,0.1,922.099,935.086,-1356.45,965.553
10,100,65000,0.6,0.1,923.098,937.084,-1356.48,946.955
10,100,65000,0.6,0.1,923.098,936.085,-1356.48,948.197
10,100,65000,0.6,0.1,923.098,937.084,-1356.48,944.108
10,100,65000,0.6,0.1,923.098,937.084,-1356.48,945.024
10,100,65000,0.6,0.1,923.098,937.084,-1356.48,943.14
10,100,65000,0.6,0.1,923.098,937.084,-1356.48,943.128
10,100,65000,0.6,0.1,923.098,937.084,-1356.48,943.187
10,100,65000,0.6,0.1,923.098,937.084,-1356.48,946.718
10,100,65000,0.6,0.1,923.098,937.084,-1356.48,943.587
10,100,65000,0.6,0.1,921.1,934.087,-1356.29,947.155
10,100,65000,0.6,0.1,923.098,937.084,-1356.48,943.612
10,100,65000,0.6,0.1,923.098,937.084,-1356.48,944.392
10,100,65000,0.6,0.1,923.098,937.084,-1356.48,938.967
10,100,65000,0.6,0.1,923.098,937.084,-1356.48,943.25
10,100,65000,0.6,0.1,923.098,937.084,-1356.48,941.657
10,100,65000,0.6,0.1,922.099,935.086,-1356.45,939.991
10,100,65000,0.6,0.1,923.098,937.084,-1356.48,940.111
10,100,70000,0.6,0.1,923.098,937.084,-1356.48,1009.61
10,100,70000,0.6,0.1,923.098,937.084,-1356.48,1012.25
10,100,70000,0.6,0.1,923.098,937.084,-1356.48,1010.58
10,100,70000,0.6,0.1,923.098,937.084,-1356.48,1013.66
10,100,70000,0.6,0.1,923.098,937.084,-1356.48,1011.37
10,100,70000,0.6,0.1,923.098,937.084,-1356.48,1011.64
10,100,70000,0.6,0.1,923.098,937.084,-1356.48,1010.86
10,100,70000,0.6,0.1,923.098,937.084,-1356.48,1011.51
10,100,70000,0.6,0.1,923.098,936.085,-1356.48,1010.33
10,100,70000,0.6,0.1,923.098,937.084,-1356.48,1012.71
10,100,70000,0.6,0.1,923.098,937.084,-1356.48,1013.08
10,100,70000,0.6,0.1,923.098,937.084,-1356.48,1014.67
10,100,70000,0.6,0.1,923.098,937.084,-1356.48,1012
10,100,70000,0.6,0.1,923.098,937.084,-1356.48,1019.42
10,100,70000,0.6,0.1,923.098,937.084,-1356.48,1011.25
10,100,70000,0.6,0.1,922.099,935.086,-1356.45,1012.6
10,100,70000,0.6,0.1,923.098,937.084,-1356.48,1005.21
10,100,70000,0.6,0.1,923.098,937.084,-1356.48,1004.86
10,100,70000,0.6,0.1,922.099,935.086,-1356.45,1011.58
10,100,70000,0.6,0.1,923.098,937.084,-1356.48,1009.62
10,100,70000,0.6,0.1,923.098,937.084,-1356.48,1011.62
10,100,70000,0.6,0.1,923.098,937.084,-1356.48,1011.71
10,100,70000,0.6,0.1,922.099,935.086,-1356.45,1010.71
10,100,70000,0.6,0.1,923.098,937.084,-1356.48,1008.07
10,100,70000,0.6,0.1,923.098,936.085,-1356.48,1011.84
10,100,70000,0.6,0.1,923.098,937.084,-1356.48,1011.11
10,100,70000,0.6,0.1,923.098,937.084,-1356.48,1012.57
10,100,70000,0.6,0.1,923.098,937.084,-1356.48,1014.82
10,100,70000,0.6,0.1,923.098,937.084,-1356.48,1018.26
10,100,70000,0.6,0.1,923.098,937.084,-1356.48,1012.97
10,100,70000,0.6,0.1,923.098,937.084,-1356.48,1015.84
10,100,70000,0.6,0.1,923.098,937.084,-1356.48,1017.71
10,100,70000,0.6,0.1,923.098,937.084,-1356.48,1013.58
10,100,70000,0.6,0.1,923.098,937.084,-1356.48,1015.16
10,100,70000,0.6,0.1,923.098,937.084,-1356.48,1014.42
10,100,70000,0.6,0.1,922.099,935.086,-1356.45,1013.3
10,100,70000,0.6,0.1,923.098,937.084,-1356.48,1014.09
10,100,70000,0.6,0.1,922.099,935.086,-1356.45,1011.91
10,100,70000,0.6,0.1,922.099,935.086,-1356.45,1016.48
10,100,70000,0.6,0.1,922.099,935.086,-1356.45,1012.19
10,100,70000,0.6,0.1,923.098,937.084,-1356.48,1011.13
10,100,70000,0.6,0.1,923.098,937.084,-1356.48,1011.23
10,100,70000,0.6,0.1,923.098,937.084,-1356.48,1011.21
10,100,70000,0.6,0.1,923.098,937.084,-1356.48,1011.16
10,100,70000,0.6,0.1,923.098,937.084,-1356.48,1010.77
10,100,70000,0.6,0.1,923.098,937.084,-1356.48,1013.42
10,100,70000,0.6,0.1,923.098,937.084,-1356.48,1013.36
10,100,70000,0.6,0.1,923.098,936.085,-1356.48,1010.17
10,100,70000,0.6,0.1,923.098,937.084,-1356.48,1010.5
10,100,70000,0.6,0.1,923.098,937.084,-1356.48,1007.91
10,100,75000,0.6,0.1,923.098,937.084,-1356.48,1080.5
10,100,75000,0.6,0.1,923.098,937.084,-1356.48,1080.28
10,100,75000,0.6,0.1,923.098,937.084,-1356.48,1082.12
10,100,75000,0.6,0.1,923.098,937.084,-1356.48,1083.23
10,100,75000,0.6,0.1,923.098,937.084,-1356.48,1082.53
10,100,75000,0.6,0.1,923.098,937.084,-1356.48,1085.74
10,100,75000,0.6,0.1,923.098,937.084,-1356.48,1089.43
10,100,75000,0.6,0.1,923.098,936.085,-1356.48,1083.42
10,100,75000,0.6,0.1,923.098,937.084,-1356.48,1082.88
10,100,75000,0.6,0.1,922.099,935.086,-1356.45,1087.01
10,100,75000,0.6,0.1,923.098,937.084,-1356.48,1083.16
10,100,75000,0.6,0.1,923.098,937.084,-1356.48,1082.97
10,100,75000,0.6,0.1,923.098,937.084,-1356.48,1081.72
10,100,75000,0.6,0.1,923.098,937.084,-1356.48,1088.55
10,100,75000,0.6,0.1,921.1,934.087,-1356.29,1085.47
10,100,75000,0.6,0.1,923.098,937.084,-1356.48,1089.19
10,100,75000,0.6,0.1,923.098,937.084,-1356.48,1088.8
10,100,75000,0.6,0.1,923.098,937.084,-1356.48,1090.88
10,100,75000,0.6,0.1,923.098,937.084,-1356.48,1086.71
10,100,75000,0.6,0.1,923.098,936.085,-1356.48,1083.83
10,100,75000,0.6,0.1,923.098,937.084,-1356.48,1083.48
10,100,75000,0.6,0.1,923.098,937.084,-1356.48,1083.08
10,100,75000,0.6,0.1,923.098,937.084,-1356.48,1084.48
10,100,75000,0.6,0.1,923.098,937.084,-1356.48,1085.65
10,100,75000,0.6,0.1,921.1,934.087,-1356.29,1087.09
10,100,75000,0.6,0.1,923.098,936.085,-1356.48,1082.34
10,100,75000,0.6,0.1,923.098,937.084,-1356.48,1082.22
10,100,75000,0.6,0.1,923.098,937.084,-1356.48,1079.3
10,100,75000,0.6,0.1,923.098,937.084,-1356.48,1085.46
10,100,75000,0.6,0.1,923.098,937.084,-1356.48,1083.41
10,100,75000,0.6,0.1,923.098,937.084,-1356.48,1080.79
10,100,75000,0.6,0.1,923.098,937.084,-1356.48,1081.05
10,100,75000,0.6,0.1,923.098,937.084,-1356.48,1083
10,100,75000,0.6,0.1,923.098,937.084,-1356.48,1081.95
10,100,75000,0.6,0.1,923.098,937.084,-1356.48,1084.91
10,100,75000,0.6,0.1,922.099,935.086,-1356.45,1082.32
10,100,75000,0.6,0.1,923.098,937.084,-1356.48,1083.7
10,100,75000,0.6,0.1,923.098,937.084,-1356.48,1082.99
10,100,75000,0.6,0.1,923.098,937.084,-1356.48,1079.88
10,100,75000,0.6,0.1,923.098,937.084,-1356.48,1082.3
10,100,75000,0.6,0.1,923.098,937.084,-1356.48,1081.04
10,100,75000,0.6,0.1,922.099,935.086,-1356.45,1082.9
10,100,75000,0.6,0.1,923.098,937.084,-1356.48,1080.47
10,100,75000,0.6,0.1,923.098,937.084,-1356.48,1081.15
10,100,75000,0.6,0.1,923.098,936.085,-1356.48,1080.08
10,100,75000,0.6,0.1,923.098,937.084,-1356.48,1082.28
10,100,75000,0.6,0.1,923.098,937.084,-1356.48,1077.86
10,100,75000,0.6,0.1,923.098,937.084,-1356.48,1081.79
10,100,75000,0.6,0.1,923.098,937.084,-1356.48,1084.67
10,100,75000,0.6,0.1,923.098,937.084,-1356.48,1081.71
10,100,80000,0.6,0.1,923.098,937.084,-1356.48,1159.75
10,100,80000,0.6,0.1,923.098,937.084,-1356.48,1159.02
10,100,80000,0.6,0.1,922.099,935.086,-1356.45,1157.3
10,100,80000,0.6,0.1,923.098,937.084,-1356.48,1160.28
10,100,80000,0.6,0.1,923.098,937.084,-1356.48,1155.33
10,100,80000,0.6,0.1,923.098,937.084,-1356.48,1151.54
10,100,80000,0.6,0.1,923.098,937.084,-1356.48,1155.12
10,100,80000,0.6,0.1,922.099,935.086,-1356.45,1158.14
10,100,80000,0.6,0.1,922.099,935.086,-1356.45,1159.37
10,100,80000,0.6,0.1,923.098,937.084,-1356.48,1158.61
10,100,80000,0.6,0.1,923.098,937.084,-1356.48,1163.4
10,100,80000,0.6,0.1,923.098,937.084,-1356.48,1158.38
10,100,80000,0.6,0.1,923.098,937.084,-1356.48,1160.88
10,100,80000,0.6,0.1,923.098,937.084,-1356.48,1152.42
10,100,80000,0.6,0.1,923.098,937.084,-1356.48,1157.87
10,100,80000,0.6,0.1,921.1,934.087,-1356.29,1158.45
10,100,80000,0.6,0.1,923.098,937.084,-1356.48,1151.71
10,100,80000,0.6,0.1,923.098,937.084,-1356.48,1152.36
10,100,80000,0.6,0.1,923.098,937.084,-1356.48,1155.87
10,100,80000,0.6,0.1,921.1,934.087,-1356.29,1157.89
10,100,80000,0.6,0.1,923.098,937.084,-1356.48,1152.37
10,100,80000,0.6,0.1,923.098,937.084,-1356.48,1148.88
10,100,80000,0.6,0.1,923.098,937.084,-1356.48,1160.97
10,100,80000,0.6,0.1,923.098,937.084,-1356.48,1157.89
10,100,80000,0.6,0.1,923.098,937.084,-1356.48,1164.93
10,100,80000,0.6,0.1,923.098,937.084,-1356.48,1159.66
10,100,80000,0.6,0.1,923.098,937.084,-1356.48,1160.62
10,100,80000,0.6,0.1,923.098,937.084,-1356.48,1161.77
10,100,80000,0.6,0.1,923.098,937.084,-1356.48,1165.01
10,100,80000,0.6,0.1,923.098,937.084,-1356.48,1155.26
10,100,80000,0.6,0.1,923.098,937.084,-1356.48,1153.58
10,100,80000,0.6,0.1,923.098,937.084,-1356.48,1153.66
10,100,80000,0.6,0.1,923.098,937.084,-1356.48,1162.15
10,100,80000,0.6,0.1,923.098,937.084,-1356.48,1157.6
10,100,80000,0.6,0.1,923.098,937.084,-1356.48,1154.64
10,100,80000,0.6,0.1,923.098,937.084,-1356.48,1155.2
10,100,80000,0.6,0.1,923.098,937.084,-1356.48,1154.32
10,100,80000,0.6,0.1,923.098,937.084,-1356.48,1155.84
10,100,80000,0.6,0.1,923.098,937.084,-1356.48,1151.7
10,100,80000,0.6,0.1,923.098,937.084,-1356.48,1153.12
10,100,80000,0.6,0.1,923.098,936.085,-1356.48,1152.93
10,100,80000,0.6,0.1,923.098,937.084,-1356.48,1158.56
10,100,80000,0.6,0.1,923.098,937.084,-1356.48,1153.58
10,100,80000,0.6,0.1,922.099,935.086,-1356.45,1161.98
10,100,80000,0.6,0.1,923.098,937.084,-1356.48,1162.86
10,100,80000,0.6,0.1,923.098,937.084,-1356.48,1167.06
10,100,80000,0.6,0.1,923.098,937.084,-1356.48,1172.75
10,100,80000,0.6,0.1,923.098,937.084,-1356.48,1163.26
10,100,80000,0.6,0.1,923.098,937.084,-1356.48,1170.28
10,100,80000,0.6,0.1,923.098,937.084,-1356.48,1169.46
10,100,85000,0.6,0.1,923.098,937.084,-1356.48,1243.25
10,100,85000,0.6,0.1,923.098,936.085,-1356.48,1236.7
10,100,85000,0.6,0.1,923.098,936.085,-1356.48,1247.48
10,100,85000,0.6,0.1,923.098,937.084,-1356.48,1242.22
10,100,85000,0.6,0.1,923.098,937.084,-1356.48,1234.42
10,100,85000,0.6,0.1,922.099,935.086,-1356.45,1231.88
10,100,85000,0.6,0.1,923.098,937.084,-1356.48,1233.51
10,100,85000,0.6,0.1,923.098,937.084,-1356.48,1231.75
10,100,85000,0.6,0.1,923.098,936.085,-1356.48,1229.48
10,100,85000,0.6,0.1,923.098,937.084,-1356.48,1229.75
10,100,85000,0.6,0.1,923.098,937.084,-1356.48,1227.91
10,100,85000,0.6,0.1,923.098,937.084,-1356.48,1230.71
10,100,85000,0.6,0.1,923.098,937.084,-1356.48,1230.62
10,100,85000,0.6,0.1,922.099,935.086,-1356.45,1233.82
10,100,85000,0.6,0.1,923.098,937.084,-1356.48,1231.36
10,100,85000,0.6,0.1,923.098,937.084,-1356.48,1232.42
10,100,85000,0.6,0.1,923.098,937.084,-1356.48,1237.58
10,100,85000,0.6,0.1,922.099,935.086,-1356.45,1230.92
10,100,85000,0.6,0.1,923.098,937.084,-1356.48,1229.68
10,100,85000,0.6,0.1,923.098,937.084,-1356.48,1230.46
10,100,85000,0.6,0.1,923.098,937.084,-1356.48,1230.74
10,100,85000,0.6,0.1,923.098,937.084,-1356.48,1230.23
10,100,85000,0.6,0.1,923.098,937.084,-1356.48,1231.94
10,100,85000,0.6,0.1,923.098,937.084,-1356.48,1236.47
10,100,85000,0.6,0.1,923.098,937.084,-1356.48,1231.79
10,100,85000,0.6,0.1,923.098,937.084,-1356.48,1230.21
10,100,85000,0.6,0.1,923.098,937.084,-1356.48,1232.85
10,100,85000,0.6,0.1,923.098,937.084,-1356.48,1241.4
10,100,85000,0.6,0.1,923.098,937.084,-1356.48,1229.5
10,100,85000,0.6,0.1,923.098,937.084,-1356.48,1230.99
10,100,85000,0.6,0.1,923.098,937.084,-1356.48,1232.72
10,100,85000,0.6,0.1,923.098,937.084,-1356.48,1228.7
10,100,85000,0.6,0.1,923.098,937.084,-1356.48,1228.41
10,100,85000,0.6,0.1,923.098,937.084,-1356.48,1232.14
10,100,85000,0.6,0.1,923.098,937.084,-1356.48,1232.11
10,100,85000,0.6,0.1,923.098,937.084,-1356.48,1230.1
10,100,85000,0.6,0.1,923.098,937.084,-1356.48,1237.23
10,100,85000,0.6,0.1,923.098,937.084,-1356.48,1241.24
10,100,85000,0.6,0.1,923.098,937.084,-1356.48,1235.21
10,100,85000,0.6,0.1,923.098,937.084,-1356.48,1231.89
10,100,85000,0.6,0.1,923.098,937.084,-1356.48,1230.34
10,100,85000,0.6,0.1,923.098,937.084,-1356.48,1229.4
10,100,85000,0.6,0.1,923.098,937.084,-1356.48,1234.92
10,100,85000,0.6,0.1,923.098,937.084,-1356.48,1232.04
10,100,85000,0.6,0.1,923.098,937.084,-1356.48,1230.69
10,100,85000,0.6,0.1,923.098,937.084,-1356.48,1232.48
10,100,85000,0.6,0.1,923.098,937.084,-1356.48,1239.32
10,100,85000,0.6,0.1,923.098,937.084,-1356.48,1233.58
10,100,85000,0.6,0.1,923.098,937.084,-1356.48,1233.83
10,100,85000,0.6,0.1,923.098,937.084,-1356.48,1232.91
10,100,90000,0.6,0.1,923.098,937.084,-1356.48,1299.48
10,100,90000,0.6,0.1,923.098,937.084,-1356.48,1308.16
10,100,90000,0.6,0.1,923.098,937.084,-1356.48,1295.85
10,100,90000,0.6,0.1,923.098,937.084,-1356.48,1310.39
10,100,90000,0.6,0.1,922.099,935.086,-1356.45,1307.05
10,100,90000,0.6,0.1,923.098,937.084,-1356.48,1320.77
10,100,90000,0.6,0.1,923.098,937.084,-1356.48,1331.19
10,100,90000,0.6,0.1,923.098,937.084,-1356.48,1312.13
10,100,90000,0.6,0.1,923.098,937.084,-1356.48,1306.35
10,100,90000,0.6,0.1,923.098,937.084,-1356.48,1306.13
10,100,90000,0.6,0.1,922.099,935.086,-1356.45,1300.65
10,100,90000,0.6,0.1,923.098,937.084,-1356.48,1305.53
10,100,90000,0.6,0.1,923.098,937.084,-1356.48,1306.5
10,100,90000,0.6,0.1,922.099,935.086,-1356.45,1301.08
10,100,90000,0.6,0.1,923.098,937.084,-1356.48,1305.99
10,100,90000,0.6,0.1,923.098,937.084,-1356.48,1307.69
10,100,90000,0.6,0.1,922.099,935.086,-1356.45,1302.26
10,100,90000,0.6,0.1,923.098,937.084,-1356.48,1296.84
10,100,90000,0.6,0.1,922.099,935.086,-1356.45,1308.27
10,100,90000,0.6,0.1,922.099,935.086,-1356.45,1305.52
10,100,90000,0.6,0.1,923.098,937.084,-1356.48,1298.96
10,100,90000,0.6,0.1,923.098,937.084,-1356.48,1309.92
10,100,90000,0.6,0.1,923.098,937.084,-1356.48,1308.9
10,100,90000,0.6,0.1,923.098,937.084,-1356.48,1311.8
10,100,90000,0.6,0.1,922.099,935.086,-1356.45,1303.82
10,100,90000,0.6,0.1,923.098,937.084,-1356.48,1304.22
10,100,90000,0.6,0.1,923.098,937.084,-1356.48,1301.62
10,100,90000,0.6,0.1,922.099,935.086,-1356.45,1303.12
10,100,90000,0.6,0.1,923.098,937.084,-1356.48,1292.94
10,100,90000,0.6,0.1,923.098,937.084,-1356.48,1300.48
10,100,90000,0.6,0.1,923.098,937.084,-1356.48,1305.68
10,100,90000,0.6,0.1,923.098,937.084,-1356.48,1305.58
10,100,90000,0.6,0.1,923.098,937.084,-1356.48,1308.99
10,100,90000,0.6,0.1,923.098,937.084,-1356.48,1308.89
10,100,90000,0.6,0.1,923.098,937.084,-1356.48,1308.81
10,100,90000,0.6,0.1,923.098,937.084,-1356.48,1304.66
10,100,90000,0.6,0.1,923.098,937.084,-1356.48,1305.53
10,100,90000,0.6,0.1,923.098,937.084,-1356.48,1309.88
10,100,90000,0.6,0.1,923.098,937.084,-1356.48,1314.23
10,100,90000,0.6,0.1,923.098,937.084,-1356.48,1317
10,100,90000,0.6,0.1,923.098,937.084,-1356.48,1291.48
10,100,90000,0.6,0.1,923.098,937.084,-1356.48,1299.2
10,100,90000,0.6,0.1,923.098,937.084,-1356.48,1297.71
10,100,90000,0.6,0.1,923.098,937.084,-1356.48,1314.52
10,100,90000,0.6,0.1,923.098,937.084,-1356.48,1312.4
10,100,90000,0.6,0.1,923.098,937.084,-1356.48,1301.45
10,100,90000,0.6,0.1,923.098,937.084,-1356.48,1305.43
10,100,90000,0.6,0.1,922.099,935.086,-1356.45,1309
10,100,90000,0.6,0.1,923.098,937.084,-1356.48,1312.15
10,100,90000,0.6,0.1,923.098,937.084,-1356.48,1297.82
10,100,95000,0.6,0.1,923.098,937.084,-1356.48,1379.74
10,100,95000,0.6,0.1,923.098,937.084,-1356.48,1378.73
10,100,95000,0.6,0.1,923.098,937.084,-1356.48,1370.49
10,100,95000,0.6,0.1,923.098,937.084,-1356.48,1371.3
10,100,95000,0.6,0.1,923.098,937.084,-1356.48,1368.49
10,100,95000,0.6,0.1,923.098,937.084,-1356.48,1366.93
10,100,95000,0.6,0.1,923.098,937.084,-1356.48,1371.18
10,100,95000,0.6,0.1,923.098,937.084,-1356.48,1372.3
10,100,95000,0.6,0.1,923.098,937.084,-1356.48,1373.82
10,100,95000,0.6,0.1,923.098,937.084,-1356.48,1377.68
10,100,95000,0.6,0.1,923.098,937.084,-1356.48,1374.94
10,100,95000,0.6,0.1,923.098,937.084,-1356.48,1371.89
10,100,95000,0.6,0.1,923.098,937.084,-1356.48,1373.31
10,100,95000,0.6,0.1,923.098,937.084,-1356.48,1368.39
10,100,95000,0.6,0.1,923.098,937.084,-1356.48,1373.66
10,100,95000,0.6,0.1,923.098,937.084,-1356.48,1376.57
10,100,95000,0.6,0.1,923.098,937.084,-1356.48,1368.64
10,100,95000,0.6,0.1,923.098,937.084,-1356.48,1373.94
10,100,95000,0.6,0.1,923.098,937.084,-1356.48,1374.71
10,100,95000,0.6,0.1,923.098,937.084,-1356.48,1377.52
10,100,95000,0.6,0.1,923.098,937.084,-1356.48,1376.69
10,100,95000,0.6,0.1,923.098,937.084,-1356.48,1377.25
10,100,95000,0.6,0.1,923.098,937.084,-1356.48,1377.27
10,100,95000,0.6,0.1,923.098,937.084,-1356.48,1378.45
10,100,95000,0.6,0.1,921.1,934.087,-1356.29,1375.73
10,100,95000,0.6,0.1,923.098,937.084,-1356.48,1370.92
10,100,95000,0.6,0.1,922.099,935.086,-1356.45,1367.91
10,100,95000,0.6,0.1,922.099,935.086,-1356.45,1374.73
10,100,95000,0.6,0.1,923.098,937.084,-1356.48,1371.83
10,100,95000,0.6,0.1,923.098,937.084,-1356.48,1371.27
10,100,95000,0.6,0.1,923.098,937.084,-1356.48,1375.05
10,100,95000,0.6,0.1,922.099,935.086,-1356.45,1377.36
10,100,95000,0.6,0.1,923.098,937.084,-1356.48,1375.34
10,100,95000,0.6,0.1,923.098,937.084,-1356.48,1379.54
10,100,95000,0.6,0.1,923.098,937.084,-1356.48,1378.49
10,100,95000,0.6,0.1,923.098,937.084,-1356.48,1374.36
10,100,95000,0.6,0.1,923.098,937.084,-1356.48,1387.92
10,100,95000,0.6,0.1,922.099,935.086,-1356.45,1386.95
10,100,95000,0.6,0.1,923.098,937.084,-1356.48,1386.28
10,100,95000,0.6,0.1,923.098,937.084,-1356.48,1364.64
10,100,95000,0.6,0.1,923.098,937.084,-1356.48,1372.01
10,100,95000,0.6,0.1,923.098,937.084,-1356.48,1382.18
10,100,95000,0.6,0.1,923.098,937.084,-1356.48,1386.58
10,100,95000,0.6,0.1,923.098,937.084,-1356.48,1380
10,100,95000,0.6,0.1,923.098,937.084,-1356.48,1379.11
10,100,95000,0.6,0.1,923.098,937.084,-1356.48,1382.82
10,100,95000,0.6,0.1,922.099,935.086,-1356.45,1375.32
10,100,95000,0.6,0.1,923.098,937.084,-1356.48,1385.53
10,100,95000,0.6,0.1,923.098,937.084,-1356.48,1384.25
10,100,95000,0.6,0.1,923.098,937.084,-1356.48,1383.92
10,100,100000,0.6,0.1,923.098,937.084,-1356.48,1446.17
10,100,100000,0.6,0.1,923.098,937.084,-1356.48,1448.92
10,100,100000,0.6,0.1,923.098,937.084,-1356.48,1469.28
10,100,100000,0.6,0.1,923.098,937.084,-1356.48,1455.28
10,100,100000,0.6,0.1,923.098,937.084,-1356.48,1457.65
10,100,100000,0.6,0.1,923.098,937.084,-1356.48,1455.4
10,100,100000,0.6,0.1,923.098,937.084,-1356.48,1454.3
10,100,100000,0.6,0.1,923.098,937.084,-1356.48,1461.01
10,100,100000,0.6,0.1,923.098,937.084,-1356.48,1458.82
10,100,100000,0.6,0.1,923.098,937.084,-1356.48,1467.86
10,100,100000,0.6,0.1,923.098,937.084,-1356.48,1462.24
10,100,100000,0.6,0.1,923.098,937.084,-1356.48,1463.74
10,100,100000,0.6,0.1,922.099,935.086,-1356.45,1458.84
10,100,100000,0.6,0.1,923.098,937.084,-1356.48,1453.06
10,100,100000,0.6,0.1,923.098,937.084,-1356.48,1463.9
10,100,100000,0.6,0.1,923.098,937.084,-1356.48,1472.64
10,100,100000,0.6,0.1,923.098,937.084,-1356.48,1459.05
10,100,100000,0.6,0.1,923.098,937.084,-1356.48,1466.44
10,100,100000,0.6,0.1,922.099,935.086,-1356.45,1448.01
10,100,100000,0.6,0.1,923.098,937.084,-1356.48,1444.15
10,100,100000,0.6,0.1,923.098,937.084,-1356.48,1444.7
10,100,100000,0.6,0.1,923.098,937.084,-1356.48,1445.3
10,100,100000,0.6,0.1,923.098,937.084,-1356.48,1442.24
10,100,100000,0.6,0.1,923.098,937.084,-1356.48,1447.19
10,100,100000,0.6,0.1,923.098,937.084,-1356.48,1447.13
10,100,100000,0.6,0.1,923.098,937.084,-1356.48,1445.33
10,100,100000,0.6,0.1,923.098,937.084,-1356.48,1448.28
10,100,100000,0.6,0.1,923.098,937.084,-1356.48,1446.66
10,100,100000,0.6,0.1,923.098,937.084,-1356.48,1445.42
10,100,100000,0.6,0.1,923.098,937.084,-1356.48,1456.25
10,100,100000,0.6,0.1,923.098,937.084,-1356.48,1454.64
10,100,100000,0.6,0.1,923.098,937.084,-1356.48,1447.47
10,100,100000,0.6,0.1,923.098,937.084,-1356.48,1443.1
10,100,100000,0.6,0.1,923.098,937.084,-1356.48,1442.77
10,100,100000,0.6,0.1,923.098,937.084,-1356.48,1447.02
10,100,100000,0.6,0.1,923.098,937.084,-1356.48,1443.44
10,100,100000,0.6,0.1,923.098,937.084,-1356.48,1443.73
10,100,100000,0.6,0.1,922.099,935.086,-1356.45,1446.57
10,100,100000,0.6,0.1,923.098,937.084,-1356.48,1446.2
10,100,100000,0.6,0.1,922.099,935.086,-1356.45,1444.19
10,100,100000,0.6,0.1,923.098,937.084,-1356.48,1444.52
10,100,100000,0.6,0.1,922.099,935.086,-1356.45,1444.88
10,100,100000,0.6,0.1,923.098,937.084,-1356.48,1447.42
10,100,100000,0.6,0.1,923.098,937.084,-1356.48,1447.18
10,100,100000,0.6,0.1,923.098,937.084,-1356.48,1447.07
10,100,100000,0.6,0.1,923.098,937.084,-1356.48,1448.38
10,100,100000,0.6,0.1,923.098,937.084,-1356.48,1446.37
10,100,100000,0.6,0.1,923.098,937.084,-1356.48,1447.46
10,100,100000,0.6,0.1,923.098,937.084,-1356.48,1443.12
10,100,100000,0.6,0.1,923.098,937.084,-1356.48,1446.59
